Individual,Num_Faults,LEDS,Swarm_Size,user_order,Wheel_Fault,Prox_Fault,Bal_Avg,Video Type,TP,TN,FP,FN,MCC,Fault_Type1,Fault_Type2
1,0,ON,SMALL,1,NONE,NONE,0.875,1,,,,,,NONE,NONE
1,0,ON,LARGE,1,NONE,NONE,0.953125,2,,,,,,NONE,NONE
1,0,OFF,SMALL,1,NONE,NONE,1,3,,,,,,NONE,NONE
1,0,OFF,LARGE,1,NONE,NONE,0.984375,4,,,,,,NONE,NONE
1,1,ON,SMALL,1,YES,NONE,0.966666667,5,,,,,,WHEEL,NONE
1,1,ON,LARGE,1,NONE,YES,0.976190476,6,,,,,,PROX,NONE
1,1,OFF,SMALL,1,YES,NONE,0.466666667,7,,,,,,WHEEL,NONE
1,1,OFF,LARGE,1,NONE,YES,0.476190476,8,,,,,,PROX,NONE
1,2,ON,SMALL,1,NONE,YES,0.464285714,9,,,,,,PROX,PROX
1,2,ON,LARGE,1,YES,YES,0.733870968,10,,,,,,WHEEL,PROX
1,2,OFF,LARGE,1,YES,NONE,0.483870968,12,,,,,,WHEEL,WHEEL
1,2,OFF,LARGE,1,YES,YES,0.483870968,12,,,,,,WHEEL,PROX
2,0,ON,SMALL,2,NONE,NONE,0.75,1,,,,,,NONE,NONE
2,0,ON,LARGE,2,NONE,NONE,0.953125,2,,,,,,NONE,NONE
2,0,OFF,SMALL,2,NONE,NONE,0.75,3,,,,,,NONE,NONE
2,0,OFF,LARGE,2,NONE,NONE,0.96875,4,,,,,,NONE,NONE
2,1,ON,SMALL,2,YES,NONE,0.933333333,5,,,,,,WHEEL,NONE
2,1,ON,LARGE,2,NONE,YES,0.976190476,6,,,,,,PROX,NONE
2,1,OFF,SMALL,2,YES,NONE,0.966666667,7,,,,,,WHEEL,NONE
2,1,OFF,LARGE,2,NONE,YES,0.492063492,8,,,,,,PROX,NONE
2,2,ON,SMALL,2,NONE,YES,0.678571429,9,,,,,,PROX,PROX
2,2,ON,LARGE,2,YES,YES,0.717741935,10,,,,,,WHEEL,PROX
2,2,OFF,LARGE,2,YES,YES,0.991935484,12,,,,,,WHEEL,PROX
2,2,OFF,LARGE,2,YES,NONE,1,12,,,,,,WHEEL,WHEEL
3,0,ON,SMALL,3,NONE,NONE,1,1,,,,,,NONE,NONE
3,0,ON,LARGE,3,NONE,NONE,0.953125,2,,,,,,NONE,NONE
3,0,OFF,SMALL,3,NONE,NONE,1,3,,,,,,NONE,NONE
3,0,OFF,LARGE,3,NONE,NONE,0.921875,4,,,,,,NONE,NONE
3,1,ON,SMALL,3,NONE,YES,0.5,6,,,,,,PROX,NONE
3,1,ON,LARGE,3,YES,NONE,0.5,7,,,,,,WHEEL,NONE
3,1,OFF,SMALL,3,NONE,YES,0.476190476,8,,,,,,PROX,NONE
3,1,OFF,LARGE,3,NONE,YES,1,9,,,,,,PROX,PROX
3,2,ON,SMALL,3,YES,YES,0.75,10,,,,,,WHEEL,PROX
3,2,ON,LARGE,3,YES,YES,0.5,12,,,,,,WHEEL,PROX
3,2,OFF,LARGE,3,YES,NONE,0.5,12,,,,,,WHEEL,WHEEL
3,0,OFF,LARGE,3,NONE,NONE,1,4,,,,,,NONE,NONE
4,0,ON,SMALL,4,NONE,NONE,1,1,,,,,,NONE,NONE
4,0,ON,LARGE,4,NONE,NONE,1,2,,,,,,NONE,NONE
4,0,OFF,SMALL,4,NONE,NONE,1,3,,,,,,NONE,NONE
4,0,OFF,LARGE,4,NONE,NONE,1,4,,,,,,NONE,NONE
4,1,ON,SMALL,4,NONE,YES,1,6,,,,,,PROX,NONE
4,1,ON,LARGE,4,YES,NONE,1,7,,,,,,WHEEL,NONE
4,1,OFF,SMALL,4,NONE,YES,0.5,8,,,,,,PROX,NONE
4,1,OFF,LARGE,4,NONE,YES,1,9,,,,,,PROX,PROX
4,2,ON,SMALL,4,YES,YES,1,10,,,,,,WHEEL,PROX
4,2,ON,LARGE,4,YES,NONE,1,12,,,,,,WHEEL,WHEEL
4,2,OFF,LARGE,4,YES,YES,1,12,,,,,,WHEEL,PROX
4,0,OFF,LARGE,4,NONE,NONE,1,4,,,,,,NONE,NONE
5,0,ON,SMALL,5,NONE,NONE,0.875,1,,,,,,NONE,NONE
5,0,ON,LARGE,5,NONE,NONE,0.875,2,,,,,,NONE,NONE
5,0,OFF,SMALL,5,NONE,NONE,0.9375,3,,,,,,NONE,NONE
5,0,OFF,LARGE,5,NONE,NONE,0.859375,4,,,,,,NONE,NONE
5,1,ON,SMALL,5,YES,NONE,0.833333333,5,,,,,,WHEEL,NONE
5,1,ON,LARGE,5,NONE,YES,0.476190476,6,,,,,,PROX,NONE
5,1,OFF,SMALL,5,YES,NONE,0.266666667,7,,,,,,WHEEL,NONE
5,1,OFF,LARGE,5,NONE,YES,0.912698413,8,,,,,,PROX,NONE
5,2,ON,SMALL,5,NONE,YES,0.607142857,9,,,,,,PROX,PROX
5,2,ON,LARGE,5,YES,YES,0.427419355,10,,,,,,WHEEL,PROX
5,2,OFF,LARGE,5,YES,NONE,0.483870968,12,,,,,,WHEEL,WHEEL
6,0,ON,SMALL,6,NONE,NONE,1,1,,,,,,NONE,NONE
6,0,ON,LARGE,6,NONE,NONE,1,2,,,,,,NONE,NONE
6,0,OFF,SMALL,6,NONE,NONE,1,3,,,,,,NONE,NONE
6,0,OFF,LARGE,6,NONE,NONE,1,4,,,,,,NONE,NONE
6,1,ON,SMALL,6,YES,NONE,0.466666667,5,,,,,,WHEEL,NONE
6,1,ON,LARGE,6,NONE,YES,0.5,6,,,,,,PROX,NONE
6,1,OFF,SMALL,6,YES,NONE,1,7,,,,,,WHEEL,NONE
6,1,OFF,LARGE,6,NONE,YES,0.5,8,,,,,,PROX,NONE
6,2,ON,SMALL,6,NONE,YES,0.964285714,9,,,,,,PROX,PROX
6,2,ON,LARGE,6,YES,YES,0.5,10,,,,,,WHEEL,PROX
6,2,OFF,LARGE,6,YES,YES,0.75,12,,,,,,WHEEL,PROX
6,2,OFF,LARGE,6,YES,NONE,0.5,12,,,,,,WHEEL,WHEEL
7,0,ON,SMALL,7,NONE,NONE,1,1,,,,,,NONE,NONE
7,0,ON,LARGE,7,NONE,NONE,1,2,,,,,,NONE,NONE
7,0,OFF,SMALL,7,NONE,NONE,1,3,,,,,,NONE,NONE
7,0,OFF,LARGE,7,NONE,NONE,1,4,,,,,,NONE,NONE
7,1,ON,SMALL,7,NONE,YES,1,6,,,,,,PROX,NONE
7,1,ON,LARGE,7,YES,NONE,1,7,,,,,,WHEEL,NONE
7,1,OFF,SMALL,7,NONE,YES,0.5,8,,,,,,PROX,NONE
7,2,ON,SMALL,7,NONE,YES,0.714285714,9,,,,,,PROX,PROX
7,2,ON,LARGE,7,YES,YES,0.75,10,,,,,,WHEEL,PROX
7,2,OFF,LARGE,7,YES,NONE,0.75,12,,,,,,WHEEL,WHEEL
7,0,OFF,LARGE,7,NONE,NONE,1,4,,,,,,NONE,NONE
7,2,OFF,LARGE,7,YES,YES,0.75,12,,,,,,WHEEL,PROX
8,0,ON,SMALL,8,NONE,NONE,1,1,,,,,,NONE,NONE
8,0,ON,LARGE,8,NONE,NONE,0.96875,2,,,,,,NONE,NONE
8,0,OFF,SMALL,8,NONE,NONE,1,3,,,,,,NONE,NONE
8,0,OFF,LARGE,8,NONE,NONE,1,4,,,,,,NONE,NONE
8,1,ON,SMALL,8,YES,NONE,0.5,5,,,,,,WHEEL,NONE
8,1,ON,LARGE,8,NONE,YES,0.5,6,,,,,,PROX,NONE
8,1,OFF,SMALL,8,NONE,YES,0.466666667,7,,,,,,PROX,NONE
8,1,OFF,LARGE,8,YES,NONE,0.5,8,,,,,,WHEEL,NONE
8,2,ON,SMALL,8,NONE,YES,1,9,,,,,,PROX,PROX
8,2,ON,LARGE,8,YES,NONE,0.75,10,,,,,,WHEEL,WHEEL
8,2,OFF,SMALL,8,YES,YES,0.75,11,,,,,,WHEEL,PROX
8,2,OFF,LARGE,8,NONE,YES,0.5,12,,,,,,PROX,PROX
9,0,ON,SMALL,9,NONE,NONE,0.9375,1,,,,,,NONE,NONE
9,0,ON,LARGE,9,NONE,NONE,1,2,,,,,,NONE,NONE
9,0,OFF,SMALL,9,NONE,NONE,1,3,,,,,,NONE,NONE
9,0,OFF,LARGE,9,NONE,NONE,1,4,,,,,,NONE,NONE
9,1,ON,SMALL,9,NONE,YES,1,5,,,,,,PROX,NONE
9,1,ON,LARGE,9,YES,NONE,1,6,,,,,,WHEEL,NONE
9,1,OFF,SMALL,9,NONE,YES,1,7,,,,,,PROX,NONE
9,1,OFF,LARGE,9,YES,NONE,1,8,,,,,,WHEEL,NONE
9,2,ON,SMALL,9,YES,YES,1,9,,,,,,WHEEL,PROX
9,2,ON,LARGE,9,NONE,YES,1,10,,,,,,PROX,PROX
9,2,OFF,SMALL,9,YES,NONE,1,11,,,,,,WHEEL,WHEEL
9,2,OFF,LARGE,9,NONE,YES,0.75,12,,,,,,PROX,PROX
10,0,ON,SMALL,10,NONE,NONE,0.9375,1,,,,,,NONE,NONE
10,0,ON,LARGE,10,NONE,NONE,1,2,,,,,,NONE,NONE
10,0,OFF,SMALL,10,NONE,NONE,0.9375,3,,,,,,NONE,NONE
10,0,OFF,LARGE,10,NONE,NONE,1,4,,,,,,NONE,NONE
10,1,ON,SMALL,10,NONE,YES,0.466666667,5,,,,,,PROX,NONE
10,1,ON,LARGE,10,YES,NONE,0.5,6,,,,,,WHEEL,NONE
10,1,OFF,SMALL,10,NONE,YES,0.5,7,,,,,,PROX,NONE
10,1,OFF,LARGE,10,YES,NONE,1,8,,,,,,WHEEL,NONE
10,2,ON,SMALL,10,YES,YES,1,9,,,,,,WHEEL,PROX
10,2,ON,LARGE,10,NONE,YES,0.75,10,,,,,,PROX,PROX
10,2,OFF,SMALL,10,YES,NONE,0.75,11,,,,,,WHEEL,WHEEL
10,2,OFF,LARGE,10,NONE,YES,0.5,12,,,,,,PROX,PROX
11,0,ON,SMALL,11,NONE,NONE,1,1,,,,,,NONE,NONE
11,0,ON,LARGE,11,NONE,NONE,1,2,,,,,,NONE,NONE
11,0,OFF,SMALL,11,NONE,NONE,1,3,,,,,,NONE,NONE
11,0,OFF,LARGE,11,NONE,NONE,1,4,,,,,,NONE,NONE
11,1,ON,SMALL,11,YES,NONE,1,5,,,,,,WHEEL,NONE
11,1,ON,LARGE,11,NONE,YES,0.492063492,6,,,,,,PROX,NONE
11,1,OFF,SMALL,11,YES,NONE,0.5,7,,,,,,WHEEL,NONE
11,1,OFF,LARGE,11,NONE,YES,1,8,,,,,,PROX,NONE
11,2,ON,SMALL,11,YES,NONE,1,9,,,,,,WHEEL,WHEEL
11,2,ON,LARGE,11,YES,NONE,0.741935484,10,,,,,,WHEEL,WHEEL
11,2,OFF,SMALL,11,NONE,YES,0.964285714,11,,,,,,PROX,PROX
11,2,OFF,LARGE,11,NONE,YES,0.5,12,,,,,,PROX,PROX
12,0,ON,SMALL,12,NONE,NONE,0.75,1,,,,,,NONE,NONE
12,0,ON,LARGE,12,NONE,NONE,0.890625,2,,,,,,NONE,NONE
12,0,OFF,SMALL,12,NONE,NONE,0.75,3,,,,,,NONE,NONE
12,0,OFF,LARGE,12,NONE,NONE,0.921875,4,,,,,,NONE,NONE
12,1,ON,SMALL,12,NONE,YES,0.233333333,5,,,,,,PROX,NONE
12,1,ON,LARGE,12,YES,NONE,0.428571429,6,,,,,,WHEEL,NONE
12,1,OFF,SMALL,12,NONE,YES,0.8,7,,,,,,PROX,NONE
12,1,OFF,LARGE,12,YES,NONE,0.428571429,8,,,,,,WHEEL,NONE
12,2,ON,SMALL,12,YES,YES,0.678571429,9,,,,,,WHEEL,PROX
12,2,ON,LARGE,12,NONE,YES,0.733870968,10,,,,,,PROX,PROX
12,2,OFF,SMALL,12,YES,YES,0.642857143,11,,,,,,WHEEL,PROX
12,2,OFF,LARGE,12,YES,YES,0.467741935,12,,,,,,WHEEL,PROX
13,0,ON,SMALL,13,NONE,NONE,1,1,,,,,,NONE,NONE
13,0,ON,LARGE,13,NONE,NONE,1,2,,,,,,NONE,NONE
13,0,OFF,SMALL,13,NONE,NONE,1,3,,,,,,NONE,NONE
13,0,OFF,LARGE,13,NONE,NONE,1,4,,,,,,NONE,NONE
13,1,ON,SMALL,13,NONE,YES,0.5,5,,,,,,PROX,NONE
13,1,ON,LARGE,13,YES,NONE,1,6,,,,,,WHEEL,NONE
13,1,OFF,SMALL,13,NONE,YES,0.5,7,,,,,,PROX,NONE
13,1,OFF,LARGE,13,YES,NONE,0.992063492,8,,,,,,WHEEL,NONE
13,2,ON,SMALL,13,YES,NONE,1,9,,,,,,WHEEL,WHEEL
13,2,ON,LARGE,13,NONE,YES,0.5,10,,,,,,PROX,PROX
13,2,OFF,SMALL,13,YES,YES,0.75,11,,,,,,WHEEL,PROX
13,2,OFF,LARGE,13,YES,NONE,1,12,,,,,,WHEEL,WHEEL
13,1,ON,LARGE,13,YES,NONE,1,6,,,,,,WHEEL,NONE
14,0,ON,SMALL,14,NONE,NONE,0.9375,1,,,,,,NONE,NONE
14,0,ON,LARGE,14,NONE,NONE,0.953125,2,,,,,,NONE,NONE
14,0,OFF,SMALL,14,NONE,NONE,1,3,,,,,,NONE,NONE
14,0,OFF,LARGE,14,NONE,NONE,0.96875,4,,,,,,NONE,NONE
14,1,ON,SMALL,14,YES,NONE,1,5,,,,,,WHEEL,NONE
14,1,ON,LARGE,14,NONE,YES,0.992063492,6,,,,,,PROX,NONE
14,1,OFF,SMALL,14,YES,NONE,1,7,,,,,,WHEEL,NONE
14,1,OFF,LARGE,14,NONE,YES,0.992063492,8,,,,,,PROX,NONE
14,2,ON,SMALL,14,YES,NONE,1,9,,,,,,WHEEL,WHEEL
14,2,ON,LARGE,14,YES,NONE,0.5,10,,,,,,WHEEL,WHEEL
14,2,OFF,SMALL,14,NONE,YES,1,11,,,,,,PROX,PROX
14,2,OFF,LARGE,14,NONE,YES,0.75,12,,,,,,PROX,PROX
15,0,ON,SMALL,15,NONE,NONE,1,1,,,,,,NONE,NONE
15,0,ON,LARGE,15,NONE,NONE,1,2,,,,,,NONE,NONE
15,0,OFF,SMALL,15,NONE,NONE,0.9375,3,,,,,,NONE,NONE
15,0,OFF,LARGE,15,NONE,NONE,1,4,,,,,,NONE,NONE
15,1,ON,SMALL,15,NONE,YES,1,5,,,,,,PROX,NONE
15,1,ON,LARGE,15,YES,NONE,0.5,6,,,,,,WHEEL,NONE
15,1,OFF,SMALL,15,NONE,YES,1,7,,,,,,PROX,NONE
15,1,OFF,LARGE,15,YES,NONE,1,8,,,,,,WHEEL,NONE
15,2,ON,SMALL,15,YES,NONE,1,9,,,,,,WHEEL,WHEEL
15,2,ON,LARGE,15,YES,NONE,1,10,,,,,,WHEEL,WHEEL
15,2,OFF,SMALL,15,NONE,YES,1,11,,,,,,PROX,PROX
15,2,OFF,LARGE,15,NONE,YES,0.75,12,,,,,,PROX,PROX
16,0,ON,SMALL,16,NONE,NONE,1,1,,,,,,NONE,NONE
16,0,ON,LARGE,16,NONE,NONE,1,2,,,,,,NONE,NONE
16,0,OFF,SMALL,16,NONE,NONE,1,3,,,,,,NONE,NONE
16,0,OFF,LARGE,16,NONE,NONE,0.96875,4,,,,,,NONE,NONE
16,1,ON,SMALL,16,NONE,YES,1,5,,,,,,PROX,NONE
16,1,ON,LARGE,16,YES,NONE,0.5,6,,,,,,WHEEL,NONE
16,1,OFF,SMALL,16,NONE,YES,0.466666667,7,,,,,,PROX,NONE
16,1,OFF,LARGE,16,YES,NONE,1,8,,,,,,WHEEL,NONE
16,2,ON,SMALL,16,YES,NONE,0.5,9,,,,,,WHEEL,WHEEL
16,2,ON,LARGE,16,NONE,YES,0.75,10,,,,,,PROX,PROX
16,2,OFF,SMALL,16,NONE,YES,1,11,,,,,,PROX,PROX
16,2,OFF,LARGE,16,NONE,YES,0.5,12,,,,,,PROX,PROX
17,0,ON,SMALL,17,NONE,NONE,1,1,,,,,,NONE,NONE
17,0,ON,LARGE,17,NONE,NONE,1,2,,,,,,NONE,NONE
17,0,OFF,SMALL,17,NONE,NONE,0.5625,3,,,,,,NONE,NONE
17,0,OFF,LARGE,17,NONE,NONE,1,4,,,,,,NONE,NONE
17,1,ON,SMALL,17,NONE,YES,0.433333333,5,,,,,,PROX,NONE
17,1,ON,LARGE,17,YES,NONE,1,6,,,,,,WHEEL,NONE
17,1,OFF,SMALL,17,NONE,YES,1,7,,,,,,PROX,NONE
17,1,OFF,LARGE,17,YES,NONE,1,8,,,,,,WHEEL,NONE
17,2,ON,SMALL,17,YES,YES,1,9,,,,,,WHEEL,PROX
17,2,ON,LARGE,17,YES,NONE,1,10,,,,,,WHEEL,WHEEL
17,2,OFF,SMALL,17,YES,NONE,1,11,,,,,,WHEEL,WHEEL
17,2,OFF,LARGE,17,NONE,YES,1,12,,,,,,PROX,PROX
18,0,ON,SMALL,18,NONE,NONE,1,1,,,,,,NONE,NONE
18,0,ON,LARGE,18,NONE,NONE,1,2,,,,,,NONE,NONE
18,0,OFF,SMALL,18,NONE,NONE,1,3,,,,,,NONE,NONE
18,0,OFF,LARGE,18,NONE,NONE,1,4,,,,,,NONE,NONE
18,1,ON,SMALL,18,YES,NONE,1,5,,,,,,WHEEL,NONE
18,1,ON,LARGE,18,YES,NONE,0.5,6,,,,,,WHEEL,NONE
18,1,OFF,SMALL,18,NONE,YES,1,7,,,,,,PROX,NONE
18,1,OFF,LARGE,18,NONE,YES,0.5,8,,,,,,PROX,NONE
18,2,ON,SMALL,18,YES,YES,1,9,,,,,,WHEEL,PROX
18,2,ON,LARGE,18,NONE,YES,1,10,,,,,,PROX,PROX
18,2,OFF,SMALL,18,YES,NONE,1,11,,,,,,WHEEL,WHEEL
18,2,OFF,LARGE,18,YES,YES,0.75,12,,,,,,WHEEL,PROX
19,0,ON,SMALL,19,NONE,NONE,1,1,,,,,,NONE,NONE
19,0,ON,LARGE,19,NONE,NONE,1,2,,,,,,NONE,NONE
19,0,OFF,SMALL,19,NONE,NONE,1,3,,,,,,NONE,NONE
19,0,OFF,LARGE,19,NONE,NONE,1,4,,,,,,NONE,NONE
19,1,ON,SMALL,19,YES,NONE,1,5,,,,,,WHEEL,NONE
19,1,ON,LARGE,19,YES,NONE,1,6,,,,,,WHEEL,NONE
19,1,OFF,SMALL,19,YES,NONE,1,7,,,,,,WHEEL,NONE
19,1,OFF,LARGE,19,NONE,YES,1,8,,,,,,PROX,NONE
19,2,ON,SMALL,19,YES,NONE,1,9,,,,,,WHEEL,WHEEL
19,2,ON,LARGE,19,YES,NONE,0.75,10,,,,,,WHEEL,WHEEL
19,2,OFF,SMALL,19,YES,YES,1,11,,,,,,WHEEL,PROX
19,2,OFF,LARGE,19,YES,NONE,0.75,12,,,,,,WHEEL,WHEEL
20,0,ON,SMALL,20,NONE,NONE,1,1,,,,,,NONE,NONE
20,0,ON,LARGE,20,NONE,NONE,1,2,,,,,,NONE,NONE
20,0,OFF,SMALL,20,NONE,NONE,1,3,,,,,,NONE,NONE
20,0,OFF,LARGE,20,NONE,NONE,1,4,,,,,,NONE,NONE
20,1,ON,SMALL,20,NONE,YES,1,5,,,,,,PROX,NONE
20,1,ON,LARGE,20,YES,NONE,0.5,6,,,,,,WHEEL,NONE
20,1,OFF,SMALL,20,NONE,YES,1,7,,,,,,PROX,NONE
20,1,OFF,LARGE,20,YES,NONE,1,8,,,,,,WHEEL,NONE
20,2,ON,SMALL,20,YES,YES,1,9,,,,,,WHEEL,PROX
20,2,ON,LARGE,20,NONE,YES,0.75,10,,,,,,PROX,PROX
20,2,OFF,SMALL,20,YES,YES,1,11,,,,,,WHEEL,PROX
20,2,OFF,SMALL,20,NONE,YES,1,11,,,,,,PROX,PROX
21,0,ON,SMALL,21,NONE,NONE,0.9375,1,,,,,,NONE,NONE
21,0,ON,LARGE,21,NONE,NONE,1,2,,,,,,NONE,NONE
21,0,OFF,SMALL,21,NONE,NONE,1,3,,,,,,NONE,NONE
21,0,OFF,LARGE,21,NONE,NONE,1,4,,,,,,NONE,NONE
21,1,ON,SMALL,21,NONE,YES,1,5,,,,,,PROX,NONE
21,1,ON,LARGE,21,NONE,YES,1,6,,,,,,PROX,NONE
21,1,OFF,SMALL,21,YES,NONE,1,7,,,,,,WHEEL,NONE
21,1,OFF,LARGE,21,YES,NONE,1,8,,,,,,WHEEL,NONE
21,2,ON,SMALL,21,YES,YES,1,9,,,,,,WHEEL,PROX
21,2,ON,LARGE,21,YES,YES,0.75,10,,,,,,WHEEL,PROX
21,2,OFF,SMALL,21,YES,NONE,1,11,,,,,,WHEEL,WHEEL
21,2,OFF,SMALL,21,YES,YES,0.5,11,,,,,,WHEEL,PROX
22,0,ON,SMALL,22,NONE,NONE,1,1,,,,,,NONE,NONE
22,0,ON,LARGE,22,NONE,NONE,0.890625,2,,,,,,NONE,NONE
22,0,OFF,SMALL,22,NONE,NONE,1,3,,,,,,NONE,NONE
22,0,OFF,LARGE,22,NONE,NONE,0.921875,4,,,,,,NONE,NONE
22,1,ON,SMALL,22,YES,NONE,1,5,,,,,,WHEEL,NONE
22,1,ON,LARGE,22,YES,NONE,0.992063492,6,,,,,,WHEEL,NONE
22,1,OFF,SMALL,22,NONE,YES,0.966666667,7,,,,,,PROX,NONE
22,1,OFF,LARGE,22,NONE,YES,0.984126984,8,,,,,,PROX,NONE
22,2,ON,SMALL,22,YES,NONE,1,9,,,,,,WHEEL,WHEEL
22,2,ON,LARGE,22,YES,NONE,0.741935484,10,,,,,,WHEEL,WHEEL
22,2,OFF,SMALL,22,NONE,YES,0.5,11,,,,,,PROX,PROX
22,2,OFF,LARGE,22,NONE,YES,0.75,12,,,,,,PROX,PROX
23,0,ON,SMALL,23,NONE,NONE,1,1,,,,,,NONE,NONE
23,0,ON,LARGE,23,NONE,NONE,1,2,,,,,,NONE,NONE
23,0,OFF,SMALL,23,NONE,NONE,1,3,,,,,,NONE,NONE
23,0,OFF,LARGE,23,NONE,NONE,1,4,,,,,,NONE,NONE
23,1,ON,SMALL,23,NONE,YES,1,5,,,,,,PROX,NONE
23,1,ON,LARGE,23,NONE,YES,0.5,6,,,,,,PROX,NONE
23,1,OFF,SMALL,23,YES,NONE,0.5,7,,,,,,WHEEL,NONE
23,1,OFF,LARGE,23,YES,NONE,1,8,,,,,,WHEEL,NONE
23,2,ON,SMALL,23,YES,YES,0.75,9,,,,,,WHEEL,PROX
23,2,ON,LARGE,23,NONE,YES,0.5,10,,,,,,PROX,PROX
23,2,OFF,SMALL,23,YES,NONE,0.75,11,,,,,,WHEEL,WHEEL
23,2,OFF,LARGE,23,YES,YES,0.75,12,,,,,,WHEEL,PROX
24,0,ON,SMALL,24,NONE,NONE,1,1,,,,,,NONE,NONE
24,0,ON,LARGE,24,NONE,NONE,1,2,,,,,,NONE,NONE
24,0,OFF,SMALL,24,NONE,NONE,1,3,,,,,,NONE,NONE
24,0,OFF,LARGE,24,NONE,NONE,1,4,,,,,,NONE,NONE
24,1,ON,SMALL,24,YES,NONE,1,5,,,,,,WHEEL,NONE
24,1,ON,LARGE,24,YES,NONE,1,6,,,,,,WHEEL,NONE
24,1,OFF,SMALL,24,NONE,YES,1,7,,,,,,PROX,NONE
24,1,OFF,LARGE,24,NONE,YES,0.5,8,,,,,,PROX,NONE
24,2,ON,SMALL,24,NONE,YES,1,9,,,,,,PROX,PROX
24,2,ON,LARGE,24,YES,YES,0.5,10,,,,,,WHEEL,PROX
24,2,OFF,SMALL,24,YES,YES,1,11,,,,,,WHEEL,PROX
24,2,OFF,LARGE,24,YES,NONE,0.5,12,,,,,,WHEEL,WHEEL
25,0,ON,SMALL,25,NONE,NONE,1,1,,,,,,NONE,NONE
25,0,ON,LARGE,25,NONE,NONE,1,2,,,,,,NONE,NONE
25,0,OFF,SMALL,25,NONE,NONE,1,3,,,,,,NONE,NONE
25,0,OFF,LARGE,25,NONE,NONE,1,4,,,,,,NONE,NONE
25,1,ON,SMALL,25,NONE,YES,1,5,,,,,,PROX,NONE
25,1,ON,LARGE,25,NONE,YES,1,6,,,,,,PROX,NONE
25,1,OFF,SMALL,25,YES,NONE,1,7,,,,,,WHEEL,NONE
25,1,OFF,LARGE,25,YES,NONE,0.5,8,,,,,,WHEEL,NONE
25,2,ON,SMALL,25,YES,NONE,1,9,,,,,,WHEEL,WHEEL
25,2,ON,LARGE,25,YES,NONE,1,10,,,,,,WHEEL,WHEEL
25,2,OFF,SMALL,25,NONE,YES,1,11,,,,,,PROX,PROX
25,2,OFF,LARGE,25,NONE,YES,0.75,12,,,,,,PROX,PROX
26,0,ON,SMALL,26,NONE,NONE,1,1,,,,,,NONE,NONE
26,0,ON,LARGE,26,NONE,NONE,1,2,,,,,,NONE,NONE
26,0,OFF,SMALL,26,NONE,NONE,1,3,,,,,,NONE,NONE
26,0,OFF,LARGE,26,NONE,NONE,1,4,,,,,,NONE,NONE
26,1,ON,SMALL,26,YES,NONE,1,5,,,,,,WHEEL,NONE
26,1,ON,LARGE,26,YES,NONE,0.992063492,6,,,,,,WHEEL,NONE
26,1,OFF,SMALL,26,NONE,YES,1,7,,,,,,PROX,NONE
26,1,OFF,LARGE,26,NONE,YES,1,8,,,,,,PROX,NONE
26,2,ON,SMALL,26,YES,YES,1,9,,,,,,WHEEL,PROX
26,2,ON,LARGE,26,NONE,YES,1,10,,,,,,PROX,PROX
26,2,OFF,SMALL,26,YES,NONE,1,11,,,,,,WHEEL,WHEEL
27,2,OFF,LARGE,26,YES,YES,0.5,12,,,,,,WHEEL,PROX
27,0,ON,SMALL,27,NONE,NONE,1,1,,,,,,NONE,NONE
27,0,ON,LARGE,27,NONE,NONE,0.984375,2,,,,,,NONE,NONE
27,0,OFF,SMALL,27,NONE,NONE,1,3,,,,,,NONE,NONE
27,0,OFF,LARGE,27,NONE,NONE,1,4,,,,,,NONE,NONE
27,1,ON,SMALL,27,NONE,YES,0.5,5,,,,,,PROX,NONE
27,1,ON,LARGE,27,NONE,YES,0.5,6,,,,,,PROX,NONE
27,1,OFF,SMALL,27,YES,NONE,0.5,7,,,,,,WHEEL,NONE
27,1,OFF,LARGE,27,YES,NONE,0.5,8,,,,,,WHEEL,NONE
27,2,ON,SMALL,27,NONE,YES,1,9,,,,,,PROX,PROX
27,2,ON,LARGE,27,YES,YES,0.983870968,10,,,,,,WHEEL,PROX
27,2,OFF,SMALL,27,YES,YES,1,11,,,,,,WHEEL,PROX
27,2,OFF,LARGE,27,YES,NONE,0.75,12,,,,,,WHEEL,WHEEL
28,0,ON,SMALL,28,NONE,NONE,0.875,1,,,,,,NONE,NONE
28,0,ON,LARGE,28,NONE,NONE,0.859375,2,,,,,,NONE,NONE
28,0,OFF,SMALL,28,NONE,NONE,0.8125,3,,,,,,NONE,NONE
28,0,OFF,LARGE,28,NONE,NONE,0.921875,4,,,,,,NONE,NONE
28,1,ON,SMALL,28,YES,NONE,0.866666667,5,,,,,,WHEEL,NONE
28,1,ON,LARGE,28,YES,NONE,0.968253968,6,,,,,,WHEEL,NONE
28,1,OFF,SMALL,28,NONE,YES,0.9,7,,,,,,PROX,NONE
28,1,OFF,LARGE,28,NONE,YES,0.333333333,8,,,,,,PROX,NONE
28,2,ON,SMALL,28,YES,NONE,0.357142857,9,,,,,,WHEEL,WHEEL
28,2,ON,LARGE,28,YES,NONE,0.443548387,10,,,,,,WHEEL,WHEEL
28,2,OFF,SMALL,28,NONE,YES,0.821428571,11,,,,,,PROX,PROX
28,2,OFF,LARGE,28,NONE,YES,0.35483871,12,,,,,,PROX,PROX
29,0,ON,SMALL,29,NONE,NONE,1,1,,,,,,NONE,NONE
29,0,ON,LARGE,29,NONE,NONE,1,2,,,,,,NONE,NONE
29,0,OFF,SMALL,29,NONE,NONE,1,3,,,,,,NONE,NONE
29,0,OFF,LARGE,29,NONE,NONE,1,4,,,,,,NONE,NONE
29,1,ON,SMALL,29,NONE,YES,1,5,,,,,,PROX,NONE
29,1,ON,LARGE,29,NONE,YES,1,6,,,,,,PROX,NONE
29,1,OFF,SMALL,29,YES,NONE,1,7,,,,,,WHEEL,NONE
29,1,OFF,LARGE,29,YES,NONE,0.5,8,,,,,,WHEEL,NONE
29,2,ON,SMALL,29,YES,YES,1,9,,,,,,WHEEL,PROX
29,2,ON,LARGE,29,NONE,YES,0.491935484,10,,,,,,PROX,PROX
29,2,OFF,SMALL,29,YES,NONE,0.75,11,,,,,,WHEEL,WHEEL
29,2,OFF,LARGE,29,YES,YES,0.5,12,,,,,,WHEEL,PROX
30,0,ON,SMALL,30,NONE,NONE,1,1,,,,,,NONE,NONE
30,0,ON,LARGE,30,NONE,NONE,1,2,,,,,,NONE,NONE
30,0,OFF,SMALL,30,NONE,NONE,0.9375,3,,,,,,NONE,NONE
30,0,OFF,LARGE,30,NONE,NONE,1,4,,,,,,NONE,NONE
30,1,ON,SMALL,30,YES,NONE,1,5,,,,,,WHEEL,NONE
30,1,ON,LARGE,30,YES,NONE,0.5,6,,,,,,WHEEL,NONE
30,1,OFF,SMALL,30,NONE,YES,1,7,,,,,,PROX,NONE
30,1,OFF,LARGE,30,NONE,YES,0.5,8,,,,,,PROX,NONE
30,2,ON,SMALL,30,NONE,YES,0.964285714,9,,,,,,PROX,PROX
30,2,ON,LARGE,30,YES,YES,0.75,10,,,,,,WHEEL,PROX
30,2,OFF,SMALL,30,YES,YES,1,11,,,,,,WHEEL,PROX
30,2,OFF,LARGE,30,YES,NONE,0.75,12,,,,,,WHEEL,WHEEL
31,0,ON,SMALL,31,NONE,NONE,1,1,,,,,,NONE,NONE
31,0,ON,LARGE,31,NONE,NONE,1,2,,,,,,NONE,NONE
31,0,OFF,SMALL,31,NONE,NONE,0.9375,3,,,,,,NONE,NONE
31,0,OFF,LARGE,31,NONE,NONE,1,4,,,,,,NONE,NONE
31,1,ON,SMALL,31,NONE,YES,1,5,,,,,,PROX,NONE
31,1,ON,LARGE,31,NONE,YES,0.5,6,,,,,,PROX,NONE
31,1,OFF,SMALL,31,YES,NONE,0.5,7,,,,,,WHEEL,NONE
31,1,OFF,LARGE,31,YES,NONE,0.5,8,,,,,,WHEEL,NONE
31,2,ON,SMALL,31,YES,NONE,0.964285714,9,,,,,,WHEEL,WHEEL
31,2,ON,LARGE,31,YES,NONE,0.741935484,10,,,,,,WHEEL,WHEEL
31,2,OFF,SMALL,31,NONE,YES,0.5,11,,,,,,PROX,PROX
31,2,OFF,LARGE,31,NONE,YES,0.491935484,12,,,,,,PROX,PROX
32,0,ON,SMALL,32,NONE,NONE,0.9375,1,,,,,,NONE,NONE
32,0,ON,LARGE,32,NONE,NONE,1,2,,,,,,NONE,NONE
32,0,OFF,SMALL,32,NONE,NONE,1,3,,,,,,NONE,NONE
32,0,OFF,LARGE,32,NONE,NONE,1,4,,,,,,NONE,NONE
32,1,ON,SMALL,32,NONE,YES,1,5,,,,,,PROX,NONE
32,1,ON,LARGE,32,NONE,YES,1,6,,,,,,PROX,NONE
32,1,OFF,SMALL,32,YES,NONE,1,7,,,,,,WHEEL,NONE
32,1,OFF,LARGE,32,YES,NONE,0.5,8,,,,,,WHEEL,NONE
32,2,ON,SMALL,32,YES,NONE,1,9,,,,,,WHEEL,WHEEL
32,2,ON,LARGE,32,YES,NONE,0.75,10,,,,,,WHEEL,WHEEL
32,2,OFF,SMALL,32,NONE,YES,1,11,,,,,,PROX,PROX
32,2,OFF,LARGE,32,NONE,YES,0.741935484,12,,,,,,PROX,PROX
33,0,ON,SMALL,33,NONE,NONE,1,1,,,,,,NONE,NONE
33,0,ON,LARGE,33,NONE,NONE,1,2,,,,,,NONE,NONE
33,0,OFF,SMALL,33,NONE,NONE,1,3,,,,,,NONE,NONE
33,0,OFF,LARGE,33,NONE,NONE,1,4,,,,,,NONE,NONE
33,1,ON,SMALL,33,NONE,YES,0.5,5,,,,,,PROX,NONE
33,1,ON,LARGE,33,NONE,YES,0.5,6,,,,,,PROX,NONE
33,1,OFF,SMALL,33,YES,NONE,0.5,7,,,,,,WHEEL,NONE
33,1,OFF,LARGE,33,YES,NONE,0.5,8,,,,,,WHEEL,NONE
33,2,ON,SMALL,33,NONE,YES,0.75,9,,,,,,PROX,PROX
33,2,ON,LARGE,33,YES,YES,0.75,10,,,,,,WHEEL,PROX
33,2,OFF,SMALL,33,YES,YES,0.75,11,,,,,,WHEEL,PROX
33,2,OFF,LARGE,33,YES,NONE,0.5,12,,,,,,WHEEL,WHEEL
34,0,ON,SMALL,34,NONE,NONE,1,1,,,,,,NONE,NONE
34,0,ON,LARGE,34,NONE,NONE,1,2,,,,,,NONE,NONE
34,0,OFF,SMALL,34,NONE,NONE,1,3,,,,,,NONE,NONE
34,0,OFF,LARGE,34,NONE,NONE,1,4,,,,,,NONE,NONE
34,1,ON,SMALL,34,YES,NONE,1,5,,,,,,WHEEL,NONE
34,1,ON,LARGE,34,YES,NONE,0.5,6,,,,,,WHEEL,NONE
34,1,OFF,SMALL,34,NONE,YES,0.466666667,7,,,,,,PROX,NONE
34,1,OFF,LARGE,34,NONE,YES,0.5,8,,,,,,PROX,NONE
34,2,ON,SMALL,34,YES,NONE,1,9,,,,,,WHEEL,WHEEL
34,2,ON,LARGE,34,YES,NONE,0.491935484,10,,,,,,WHEEL,WHEEL
34,2,OFF,SMALL,34,NONE,YES,0.5,11,,,,,,PROX,PROX
34,2,OFF,LARGE,34,NONE,YES,0.75,12,,,,,,PROX,PROX
35,0,ON,SMALL,35,NONE,NONE,1,1,,,,,,NONE,NONE
35,0,ON,LARGE,35,NONE,NONE,1,2,,,,,,NONE,NONE
35,0,OFF,SMALL,35,NONE,NONE,1,3,,,,,,NONE,NONE
35,0,OFF,LARGE,35,NONE,NONE,1,4,,,,,,NONE,NONE
35,1,ON,SMALL,35,NONE,YES,1,5,,,,,,PROX,NONE
35,1,ON,LARGE,35,NONE,YES,0.5,6,,,,,,PROX,NONE
35,1,OFF,SMALL,35,YES,NONE,1,7,,,,,,WHEEL,NONE
35,1,OFF,LARGE,35,YES,NONE,1,8,,,,,,WHEEL,NONE
35,2,ON,SMALL,35,YES,YES,1,9,,,,,,WHEEL,PROX
35,2,ON,LARGE,35,NONE,YES,0.75,10,,,,,,PROX,PROX
35,2,OFF,SMALL,35,YES,NONE,1,11,,,,,,WHEEL,WHEEL
35,2,OFF,LARGE,35,YES,YES,0.75,12,,,,,,WHEEL,PROX
36,0,ON,SMALL,36,NONE,NONE,1,1,,,,,,NONE,NONE
36,0,ON,LARGE,36,NONE,NONE,0.984375,2,,,,,,NONE,NONE
36,0,OFF,SMALL,36,NONE,NONE,1,3,,,,,,NONE,NONE
36,0,OFF,LARGE,36,NONE,NONE,0.984375,4,,,,,,NONE,NONE
36,1,ON,SMALL,36,YES,NONE,1,5,,,,,,WHEEL,NONE
36,1,ON,LARGE,36,YES,NONE,0.5,6,,,,,,WHEEL,NONE
36,1,OFF,SMALL,36,NONE,YES,1,7,,,,,,PROX,NONE
36,1,OFF,LARGE,36,NONE,YES,1,8,,,,,,PROX,NONE
36,2,ON,SMALL,36,YES,YES,0.714285714,9,,,,,,WHEEL,PROX
36,2,ON,LARGE,36,NONE,YES,0.5,10,,,,,,PROX,PROX
36,2,OFF,SMALL,36,YES,NONE,1,11,,,,,,WHEEL,WHEEL
36,2,OFF,LARGE,36,YES,YES,0.5,12,,,,,,WHEEL,PROX
37,0,ON,SMALL,37,NONE,NONE,1,1,,,,,,NONE,NONE
37,0,ON,LARGE,37,NONE,NONE,1,2,,,,,,NONE,NONE
37,0,OFF,SMALL,37,NONE,NONE,0.9375,3,,,,,,NONE,NONE
37,0,OFF,LARGE,37,NONE,NONE,1,4,,,,,,NONE,NONE
37,1,ON,SMALL,37,YES,NONE,1,5,,,,,,WHEEL,NONE
37,1,ON,LARGE,37,NONE,YES,1,6,,,,,,PROX,NONE
37,1,OFF,SMALL,37,YES,NONE,0.966666667,7,,,,,,WHEEL,NONE
37,1,OFF,LARGE,37,NONE,YES,0.5,8,,,,,,PROX,NONE
37,2,ON,SMALL,37,NONE,YES,0.5,9,,,,,,PROX,PROX
37,2,ON,LARGE,37,YES,YES,1,10,,,,,,WHEEL,PROX
37,2,OFF,SMALL,37,YES,NONE,1,11,,,,,,WHEEL,WHEEL
37,2,OFF,LARGE,37,YES,YES,1,12,,,,,,WHEEL,PROX
38,0,ON,SMALL,38,NONE,NONE,1,1,,,,,,NONE,NONE
38,0,ON,LARGE,38,NONE,NONE,1,2,,,,,,NONE,NONE
38,0,OFF,SMALL,38,NONE,NONE,1,3,,,,,,NONE,NONE
38,0,OFF,LARGE,38,NONE,NONE,1,4,,,,,,NONE,NONE
38,1,ON,SMALL,38,YES,NONE,1,5,,,,,,WHEEL,NONE
38,1,ON,LARGE,38,NONE,YES,1,6,,,,,,PROX,NONE
38,1,OFF,SMALL,38,YES,NONE,1,7,,,,,,WHEEL,NONE
38,1,OFF,LARGE,38,NONE,YES,0.5,8,,,,,,PROX,NONE
38,2,ON,SMALL,38,NONE,YES,0.75,9,,,,,,PROX,PROX
38,2,ON,LARGE,38,YES,YES,0.5,10,,,,,,WHEEL,PROX
38,2,OFF,SMALL,38,YES,NONE,1,11,,,,,,WHEEL,WHEEL
38,2,OFF,LARGE,38,YES,YES,0.75,12,,,,,,WHEEL,PROX
39,0,ON,SMALL,39,NONE,NONE,1,1,,,,,,NONE,NONE
39,0,ON,LARGE,39,NONE,NONE,1,2,,,,,,NONE,NONE
39,0,OFF,SMALL,39,NONE,NONE,1,3,,,,,,NONE,NONE
39,0,OFF,LARGE,39,NONE,NONE,1,4,,,,,,NONE,NONE
39,1,ON,SMALL,39,NONE,YES,0.5,5,,,,,,PROX,NONE
39,1,ON,LARGE,39,YES,NONE,0.5,6,,,,,,WHEEL,NONE
39,1,OFF,SMALL,39,YES,NONE,1,7,,,,,,WHEEL,NONE
39,1,OFF,LARGE,39,NONE,YES,1,8,,,,,,PROX,NONE
39,2,ON,SMALL,39,NONE,YES,0.428571429,9,,,,,,PROX,PROX
39,2,ON,LARGE,39,YES,YES,1,10,,,,,,WHEEL,PROX
39,2,OFF,SMALL,39,YES,NONE,1,11,,,,,,WHEEL,WHEEL
39,2,OFF,LARGE,39,YES,YES,0.5,12,,,,,,WHEEL,PROX
40,0,ON,SMALL,40,NONE,NONE,1,1,,,,,,NONE,NONE
40,0,ON,LARGE,40,NONE,NONE,1,2,,,,,,NONE,NONE
40,0,OFF,SMALL,40,NONE,NONE,1,3,,,,,,NONE,NONE
40,0,OFF,LARGE,40,NONE,NONE,0.984375,4,,,,,,NONE,NONE
40,1,ON,SMALL,40,YES,NONE,1,5,,,,,,WHEEL,NONE
40,1,ON,LARGE,40,NONE,YES,0.5,6,,,,,,PROX,NONE
40,1,OFF,SMALL,40,YES,NONE,1,7,,,,,,WHEEL,NONE
40,1,OFF,LARGE,40,NONE,YES,0.5,8,,,,,,PROX,NONE
40,2,ON,SMALL,40,NONE,YES,1,9,,,,,,PROX,PROX
40,2,ON,LARGE,40,YES,YES,0.75,10,,,,,,WHEEL,PROX
40,2,OFF,SMALL,40,YES,NONE,1,11,,,,,,WHEEL,WHEEL
40,2,OFF,LARGE,40,YES,YES,0.75,12,,,,,,WHEEL,PROX
41,0,ON,SMALL,41,NONE,NONE,1,1,,,,,,NONE,NONE
41,0,ON,LARGE,41,NONE,NONE,1,2,,,,,,NONE,NONE
41,0,OFF,SMALL,41,NONE,NONE,1,3,,,,,,NONE,NONE
41,0,OFF,LARGE,41,NONE,NONE,1,4,,,,,,NONE,NONE
41,1,ON,SMALL,41,YES,NONE,0.5,5,,,,,,WHEEL,NONE
41,1,ON,LARGE,41,NONE,YES,0.5,6,,,,,,PROX,NONE
41,1,OFF,SMALL,41,YES,NONE,1,7,,,,,,WHEEL,NONE
41,1,OFF,LARGE,41,NONE,YES,1,8,,,,,,PROX,NONE
41,2,ON,SMALL,41,NONE,YES,0.5,9,,,,,,PROX,PROX
41,2,ON,LARGE,41,YES,YES,0.75,10,,,,,,WHEEL,PROX
41,2,OFF,SMALL,41,YES,YES,0.75,11,,,,,,WHEEL,PROX
41,2,OFF,LARGE,41,YES,NONE,0.75,12,,,,,,WHEEL,WHEEL
42,0,ON,SMALL,42,NONE,NONE,1,1,,,,,,NONE,NONE
42,0,ON,LARGE,42,NONE,NONE,1,2,,,,,,NONE,NONE
42,0,OFF,SMALL,42,NONE,NONE,1,3,,,,,,NONE,NONE
42,0,OFF,LARGE,42,NONE,NONE,1,4,,,,,,NONE,NONE
42,1,ON,SMALL,42,YES,NONE,1,5,,,,,,WHEEL,NONE
42,1,ON,LARGE,42,NONE,YES,0.5,6,,,,,,PROX,NONE
42,1,OFF,SMALL,42,YES,NONE,1,7,,,,,,WHEEL,NONE
42,1,OFF,LARGE,42,NONE,YES,1,8,,,,,,PROX,NONE
42,2,ON,SMALL,42,NONE,YES,0.75,9,,,,,,PROX,PROX
42,2,ON,LARGE,42,YES,YES,1,10,,,,,,WHEEL,PROX
42,2,OFF,SMALL,42,YES,YES,0.75,11,,,,,,WHEEL,PROX
42,2,OFF,LARGE,42,YES,NONE,0.991935484,12,,,,,,WHEEL,WHEEL
43,0,ON,SMALL,43,NONE,NONE,1,1,,,,,,NONE,NONE
43,0,ON,LARGE,43,NONE,NONE,1,2,,,,,,NONE,NONE
43,0,OFF,SMALL,43,NONE,NONE,0.9375,3,,,,,,NONE,NONE
43,0,OFF,LARGE,43,NONE,NONE,0.984375,4,,,,,,NONE,NONE
43,1,ON,SMALL,43,NONE,YES,1,5,,,,,,PROX,NONE
43,1,ON,LARGE,43,YES,NONE,1,6,,,,,,WHEEL,NONE
43,1,OFF,SMALL,43,YES,NONE,0.5,7,,,,,,WHEEL,NONE
43,1,OFF,LARGE,43,NONE,YES,0.492063492,8,,,,,,PROX,NONE
43,2,ON,SMALL,43,NONE,YES,0.75,9,,,,,,PROX,PROX
43,2,ON,LARGE,43,YES,YES,0.491935484,10,,,,,,WHEEL,PROX
43,2,OFF,SMALL,43,YES,YES,0.685483871,12,,,,,,WHEEL,PROX
43,2,OFF,LARGE,43,YES,NONE,0.459677419,12,,,,,,WHEEL,WHEEL
44,0,ON,SMALL,44,NONE,NONE,1,1,,,,,,NONE,NONE
44,0,ON,LARGE,44,NONE,NONE,1,2,,,,,,NONE,NONE
44,0,OFF,SMALL,44,NONE,NONE,1,3,,,,,,NONE,NONE
44,0,OFF,LARGE,44,NONE,NONE,1,4,,,,,,NONE,NONE
44,1,ON,SMALL,44,YES,NONE,1,5,,,,,,WHEEL,NONE
44,1,ON,LARGE,44,NONE,YES,0.992063492,6,,,,,,PROX,NONE
44,1,OFF,SMALL,44,NONE,YES,0.5,7,,,,,,PROX,NONE
44,1,OFF,LARGE,44,YES,NONE,0.5,8,,,,,,WHEEL,NONE
44,2,ON,SMALL,44,NONE,YES,1,9,,,,,,PROX,PROX
44,2,ON,LARGE,44,YES,NONE,0.991935484,10,,,,,,WHEEL,WHEEL
44,2,OFF,SMALL,44,YES,YES,1,11,,,,,,WHEEL,PROX
44,2,OFF,LARGE,44,NONE,YES,0.5,12,,,,,,PROX,PROX
