,Video Type 1,,,Video Type 2,,,Video Type 3,,,Video Type 4,,,Video Type 5,,,Video Type 6,,,Video Type 7,,,Video Type 8,,,Video Type 9,,,Video Type 10,,,Video Type 11,,,Video Type 12,,,Video Type Duplicate 1,,,Video Type Duplicate 2,,
,Robot ID,Timestamp,Reason,Robot ID,Timestamp,Reason,Robot ID,Timestamp,Reason,Robot ID,Timestamp,Reason,Robot ID,Timestamp,Reason,Robot ID,Timestamp,Reason,Robot ID,Timestamp,Reason,Robot ID,Timestamp,Reason,Robot ID,Timestamp,Reason,Robot ID,Timestamp,Reason,Robot ID,Timestamp,Reason,Robot ID,Timestamp,Reason,Robot ID,Timestamp,Reason,Robot ID,Timestamp,Reason
User 1,Seed 113,Exp 11,,Seed 125,Exp 9,,Seed 114,Exp 2,,Seed 124,Exp 7,,Seed 131,Exp 4,,Seed 161,Exp 6,,Seed 134,Exp 1,,Seed 166,Exp 10,,Seed 241,Exp 5,,Seed 235,Exp 8,,,,,Seed 214,Exp 3,,Seed 234,Exp 12,Type 12,,,
Guesses,10,101,nada,18,100,nada,12,50,nada,48,91,nada,4,63,nada,3,107,nada,4,138,nada,4,70,nada,7,85,nada,54,95,nada,,,,33,85,nada,61,63,nada,,,
User thought beacon was faulty,13,181,nada,100,136,nada,12-Revoke,188,nada,100,91,nada,0,81,nada,100,107,nada,,,,54,129,nada,,,,100,136,nada,,,,1,169,nada,36,63,nada,,,
Notate Beacon guesses,,,,47,146,nada,,,,48-Revoke,143,nada,,,,0,133,nada,,,,100,129,nada,,,,62,157,nada,,,,,,,15,108,nada,,,
100 = <unseen>,,,,,,,,,,45,170,nada,,,,40,198,nada,,,,,,,,,,,,,,,,,,,15-Revoke,115,nada,,,
,,,,,,,,,,100-Revoke,180,nada,,,,,,,,,,,,,,,,,,,,,,,,,,,,,,
,,,,,,,,,,,,,,,,,,,,,,,,,,,,,,,,,,,,,,,,,,
True Values,NONE,NONE,NONE,NONE,NONE,NONE,NONE,NONE,NONE,NONE,NONE,NONE,0,39,Left Wheel Zero,0,63.6,Prox Sensor Random,0,74.6,Left Wheel Zero,61,2.4,Prox Sensor Random,9,10.7,Prox Sensor Random,62,72.9,Left Wheel Zero,,,,3,44.7,Left Wheel Zero,15,77,Left Wheel Zero,,,
,,,,,,,,,,,,,,,,,,,,,,,,,6,79.6,Prox Sensor Random,11,24.4,Prox Sensor Random,,,,41,21.1,Left Wheel Zero,4,70.3,Prox Sensor Random,,,
,,,,,,,,,,,,,,,,,,,,,,,,,,,,,,,,,,,,,,,,,,
User 2,Seed 115,Exp 10,,Seed 121,Exp 3,,Seed 116,Exp 7,,Seed 122,Exp 4,,Seed 135,Exp 8,,Seed 163,Exp 9,,Seed 136,Exp 12,,Seed 164,Exp 5,,Seed 243,Exp 2,,Seed 233,Exp 1,,,,,Seed 236,Exp 6,,Seed 216,Exp 11,Type 12,,,
Guesses,12,13,nada,46,45,nada,4,73,nada,17,40,nada,12,90,nada,31,100,nada,5,40,nada,27,67,nada,7,42,nada,42,49,nada,,,,39,59,nada,36,50,nada,,,
,6,143,nada,16,50,nada,6,143,nada,17-Revoke,50,nada,11,97,nada,33,150,nada,1,134,nada,9,163,They skip the food,7-Revoke,60,nada,47,60,nada,,,,51,109,nada,53,80,nada,,,
,0,150,nada,46-Revoke,60,nada,0,150,nada,9,80,nada,15,100,nada,21,186,nada,,,,16,170,They skip the food,0,92,nada,48,104,nada,,,,41,150,nada,,,,,,
,8,183,nada,39,96,nada,8,183,nada,31,102,nada,,,,37,190,nada,,,,,,,1,93,nada,39,116,nada,,,,,,,,,,,,
,,,,19,99,nada,,,,,,,,,,,,,,,,,,,8,112,nada,17,169,nada,,,,,,,,,,,,
,,,,50,132,nada,,,,,,,,,,,,,,,,,,,8-Revoke,150,nada,,,,,,,,,,,,,,,
,,,,16-Revoke,170,nada,,,,,,,,,,,,,,,,,,,3,165,nada,,,,,,,,,,,,,,,
,,,,,,,,,,,,,,,,,,,,,,,,,,,,,,,,,,,,,,,,,,
True Values,NONE,NONE,NONE,NONE,NONE,NONE,NONE,NONE,NONE,NONE,NONE,NONE,11,13.3,Left Wheel Zero,31,40.2,Prox Sensor Random,1,21.1,Left Wheel Zero,5,40.1,Prox Sensor Random,0,7.9,Prox Sensor Random,42,48.3,Left Wheel Zero,,,,39,35.4,Left Wheel Zero,36,5.4,Left Wheel Zero,,,
,,,,,,,,,,,,,,,,,,,,,,,,,11,79.9,Prox Sensor Random,13,31.1,Prox Sensor Random,,,,51,63.3,Prox Sensor Random,53,0.3,Left Wheel Zero,,,
,,,,,,,,,,,,,,,,,,,,,,,,,,,,,,,,,,,,,,,,,,
User 3,Seed 113,Exp 4,,Seed 121,Exp 6,,Seed 118,Exp 3,,Seed 126,Exp 1,,,,,Seed 165,Exp 7,,Seed 132,Exp 11,,Seed 162,Exp 2,,Seed 245,Exp 9,,Seed 237,Exp 8,,,,,Seed 234,Exp 5,,Seed 212,Exp 12,Type 12,Seed 126 (same other type 4),Exp 10,Type 4
Guesses,(beacon) 0,nada,first to food,(beacon) 39,nada,first to food,(beacon) 7,nada,first to food,(beacon) 57,nada,first to food,,,,(beacon) 56,nada,first to food,(beacon) 10,nada,first to food,(beacon) 24,nada,first to food,(beacon) 4,nada,first to food,(beacon) 19,nada,first to food,,,,(beacon) 61,nada,first to food,(beacon) 10,nada,first to food,(beacon) 57,nada,first to food
,5,89,Still Going Away from food after beacon set. Seemed in radius of beacon,45,200,Clumping for a long time,,,,5,129,Staying still for a long time,,,,nada,200,many bots on food end up stuck there,5,28,clumped on lower wall for awhile,29,59,Stuck nearly unmoving for long tim along with 29 even longer,5,123,Stuck on wall for a long time,26,182,going in small circles,,,,nada,nada,Lots of clumping in lower right but no fault seen,56,111,in radius of beacn bu walking along wall,nada,102,mans eps stuck on wall in lower left for long time
,,,,34,200,Clumping for a long time,,,,28,167,Stay bunched up against wall & then while moving up,,,,,,,3,28,clumped on lower wall for awhile,49,59,Stuck nearly unmoving for long tim along with 29 even longer,0,149,Stuck on wall for a long time,,,,,,,,,,14,163,still for a long time,nada,148,bots after getting food hug lower wall
,,,,47,200,Clumping for a long time,,,,49,167,Stay bunched up against wall & then while moving up,,,,,,,5-Revoke,32,nada,38,59,Stuck nearly unmoving for long tim along with 29 even longer,,,,,,,,,,,,,14-Revoke,186,moving,,,
,,,,,,,,,,23,167,Stay bunched up against wall & then while moving up,,,,,,,3-Revoke,32,nada,16,nada,nada,,,,,,,,,,,,,,,,,,
,,,,,,,,,,41,167,Stay bunched up against wall & then while moving up,,,,,,,,,,16-Revoke,nada,nada,,,,,,,,,,,,,,,,,,
,,,,,,,,,,,,,,,,,,,,,,,,,,,,,,,,,,,,,,,,,,
True Values,NONE,NONE,NONE,NONE,NONE,NONE,NONE,NONE,NONE,NONE,NONE,NONE,,,,1,14.4,Prox Sensor Random,2,60.6,Left Wheel Zero,61,40.4,Prox Sensor Random,0,52,Prox Sensor Random,26,0,Left Wheel Zero,,,,15,77,Left Wheel Zero,23,71.6,Left Wheel Zero,NONE,NONE,NONE
,,,,,,,,,,,,,,,,,,,,,,,,,5,74.8,Prox Sensor Random,56,37,Prox Sensor Random,,,,4,70.3,Prox Sensor Random,62,46.5,Left Wheel Zero,,,
,,,,,,,,,,,,,,,,,,,,,,,,,,,,,,,,,,,,,,,,,,
User 4,Seed 115,Exp 6,,Seed 125,Exp 1,,Seed 120,Exp 12,,Seed 128,Exp 9,,,,,Seed 161,Exp 3,,Seed 136,Exp 5,,Seed 168,Exp 4,,Seed 247,Exp 8,,Seed 239,Exp 10,,,,,Seed 214,Exp 2,,Seed 232,Exp 7,Type 12,Seed 128 (same other type 4),Exp 11,Type 4
Guesses,NONE,NONE,What is robot 0 on? Not broken but cookin',NONE,NONE,NONE (Question mark added after None),14,158,Is doing weird stuff,NONE,NONE,Robot clumping makes this impossible,,,,5,70,nada,1,25,nada,NONE,NONE,NONE (Question mark added after None),9,90,(? added after number),11,130,nada,,,,41,45,nada,23,135,nada,NONE,NONE,They added ? after NONE
,,,,,,,14-Revoke,195,It's just the food delivery behavior,,,,,,,5-Revoke,95,nada,0,60,(? added after number),,,,9,120,Official,20,178,nada,,,,3,92,nada,45,165,nada,,,
,,,,,,,,,,,,,,,,0,150,nada,0-Revoke,65,nada,,,,0,148,nada,,,,,,,,,,,,,,,
,,,,,,,,,,,,,,,,,,,7,125,(? added after number),,,,,,,,,,,,,,,,,,,,,
,,,,,,,,,,,,,,,,,,,7-Revoke,165,nada,,,,,,,,,,,,,,,,,,,,,
,,,,,,,,,,,,,,,,,,,4,nada,Leaves beacon... I think it should stay on beacon?,,,,,,,,,,,,,,,,,,,,,
,,,,,,,,,,,,,,,,,,,,,,,,,,,,,,,,,,,,,,,,,,
True Values,NONE,NONE,NONE,NONE,NONE,NONE,NONE,NONE,NONE,NONE,NONE,NONE,,,,0,63.6,Prox Sensor Random,1,21.1,Left Wheel Zero,44,26.3,Prox Sensor Random,9,65.7,Prox Sensor Random,20,50.7,Left Wheel Zero,,,,3,44.7,Left Wheel Zero,23,16,Left Wheel Zero,NONE,NONE,NONE
,,,,,,,,,,,,,,,,,,,,,,,,,0,62.4,Prox Sensor Random,11,55.9,Prox Sensor Random,,,,41,21.1,Left Wheel Zero,45,75.1,Prox Sensor Random,,,
,,,,,,,,,,,,,,,,,,,,,,,,,,,,,,,,,,,,,,,,,,
User 5,Seed 113,Exp 2,,Seed 125,Exp 5,,Seed 114,Exp 11,,Seed 124,Exp 8,,Seed 131,Exp 7,,Seed 161,Exp 1,,Seed 134,Exp 3,,Seed 166,Exp 9,,Seed 241,Exp 10,,Seed 235,Exp 4,,,,,Seed 214,Exp 6,,,Moved it down one to have script ignore it,,,,
Guesses,11,59,nada,30,12,nada,6,71,nada,35,14,nada,5,69,nada,21,116,nada,11,68,nada,62,32,nada,4,28,nada,5,13,nada,,,,48,46,nada,Seed 234,Exp 12,Type 12,,,
,5,78,nada,8,12,nada,,,,31,14,nada,0,92,nada,24,116,nada,7,94,nada,63,32,nada,5,28,nada,52,35,nada,,,,24,46,nada,DIDN'T COMPLETE,,,,,
,,,,19,44,nada,,,,54,35,nada,14,100,nada,54,137,nada,1,131,nada,51,44,nada,8,51,nada,4,35,nada,,,,,,,,,,,,
,,,,62,44,nada,,,,39,83,nada,10,108,nada,,,,14,135,nada,22,81,nada,11,51,nada,55,65,nada,,,,,,,,,,,,
,,,,30,46,nada,,,,5,85,nada,13,114,nada,,,,12,140,nada,41,81,nada,9,83,nada,44,167,nada,,,,,,,,,,,,
,,,,49,46,nada,,,,2,127,nada,15,198,nada,,,,2,153,nada,59,100,nada,,,,22,175,nada,,,,,,,,,,,,
,,,,11,104,nada,,,,14,130,nada,,,,,,,15,153,nada,48,100,nada,,,,0,175,nada,,,,,,,,,,,,
,,,,13,104,nada,,,,57,132,nada,,,,,,,,,,15,108,nada,,,,20,189,nada,,,,,,,,,,,,
,,,,32,132,nada,,,,2,136,nada,,,,,,,,,,45,117,nada,,,,26,192,nada,,,,,,,,,,,,
,,,,,,,,,,59,170,nada,,,,,,,,,,56,118,nada,,,,,,,,,,,,,,,,,,
,,,,,,,,,,57,187,nada,,,,,,,,,,35,142,nada,,,,,,,,,,,,,,,,,,
,,,,,,,,,,,,,,,,,,,,,,61,159,nada,,,,,,,,,,,,,,,,,,
,,,,,,,,,,,,,,,,,,,,,,,,,,,,,,,,,,,,,,,,,,
True Values,NONE,NONE,NONE,NONE,NONE,NONE,NONE,NONE,NONE,NONE,NONE,NONE,0,39,Left Wheel Zero,0,63.6,Prox Sensor Random,0,74.6,Left Wheel Zero,61,2.4,Prox Sensor Random,9,10.7,Prox Sensor Random,62,72.9,Left Wheel Zero,,,,3,44.7,Left Wheel Zero,15,77,Left Wheel Zero,,,
,,,,,,,,,,,,,,,,,,,,,,,,,6,79.6,Prox Sensor Random,11,24.4,Prox Sensor Random,,,,41,21.1,Left Wheel Zero,4,70.3,Prox Sensor Random,,,
,,,,,,,,,,,,,,,,,,,,,,,,,,,,,,,,,,,,,,,,,,
User 6,Seed 115,Exp 12,,Seed 121,Exp 6,,Seed 116,Exp 5,,Seed 122,Exp 2,,Seed 135,Exp 10,,Seed 163,Exp 8,,Seed 136,Exp 9,,Seed 164,Exp 11,,Seed 243,Exp 1,,Seed 233,Exp 4,,,,,Seed 236,Exp 3,,Seed 216,Exp 7,Type 12,,,
Guesses,12,28,nada,NONE,NONE,NONE,NONE,NONE,NONE,NONE,NONE,NONE,1,115,nada,NONE,NONE,NONE,0,72,nada,NONE,NONE,NONE,3,11,nada,45,106,nada,,,,51,103,nada,NONE,NONE,NONE,,,
,15,41,nada,,,,,,,,,,1-Revoke,131,nada,,,,0-Revoke,89,nada,,,,0,69,nada,45-Revoke,143,nada,,,,,,,,,,,,
,15-Revoke,107,nada,,,,,,,,,,12,190,nada,,,,1,125,nada,,,,11,137,nada,,,,,,,,,,,,,,,
,6,123,nada,,,,,,,,,,,,,,,,4,153,(beacon moved),,,,,,,,,,,,,,,,,,,,,
,6-Revoke,138,nada,,,,,,,,,,,,,,,,,,,,,,,,,,,,,,,,,,,,,,,
,12-Revoke,173,nada,,,,,,,,,,,,,,,,,,,,,,,,,,,,,,,,,,,,,,,
,,,,,,,,,,,,,,,,,,,,,,,,,,,,,,,,,,,,,,,,,,
True Values,NONE,NONE,NONE,NONE,NONE,NONE,NONE,NONE,NONE,NONE,NONE,NONE,11,13.3,Left Wheel Zero,31,40.2,Prox Sensor Random,1,21.1,Left Wheel Zero,5,40.1,Prox Sensor Random,0,7.9,Prox Sensor Random,42,48.3,Left Wheel Zero,,,,39,35.4,Left Wheel Zero,36,5.4,Left Wheel Zero,,,
,,,,,,,,,,,,,,,,,,,,,,,,,11,79.9,Prox Sensor Random,13,31.1,Prox Sensor Random,,,,51,63.3,Prox Sensor Random,53,0.3,Left Wheel Zero,,,
,,,,,,,,,,,,,,,,,,,,,,,,,,,,,,,,,,,,,,,,,,
User 7,Seed 113,Exp 11,,Seed 121,Exp 12,,Seed 118,Exp 8,,Seed 126,Exp 4,,,,,Exp 165,Exp 10,,Seed 132,Exp 1,,Seed 162,Exp 3,,Seed 245,Exp 6,,Seed 237,Exp 2,,,,,Seed 212,Exp 7,,Seed 126 (Exact same as type 4),Exp 5,Type 4,Seed 234,Exp 9,Type 12
Guesses,11,101,No stop @ food,19,138,nada,7,48,Leaves food when was Beacon,NONE,NONE,NONE,,,,1,172,"slow while alone, Red yay",2,125,but should've been earlier lol,NONE,NONE,NONE,1,49,nada,26,58,,,,,62,90,nada,NONE,NONE,NONE,15,96,nada
,11-Revoke,140,Stopped @ food,19-Revoke,166,Moved off wall,,,,,,,,,,,,,,,,,,,5,114,on wall,nada,nada,"Some stuck on wall, but I feel like that is just proximity confusion",,,,45,146,nada,,,,,,
,,,,,,,,,,,,,,,,,,,,,,,,,0,114,on wall,,,,,,,45-Revoke,160,nada,,,,,,
,,,,,,,,,,,,,,,,,,,,,,,,,0-Revoke,181,got off wall,,,,,,,,,,,,,,,
,,,,,,,,,,,,,,,,,,,,,,,,,,,,,,,,,,,,,,,,,,
True Values,NONE,NONE,NONE,NONE,NONE,NONE,NONE,NONE,NONE,NONE,NONE,NONE,,,,1,14.4,Prox Sensor Random,2,60.6,Left Wheel Zero,61,40.4,Prox Sensor Random,0,52,Prox Sensor Random,26,0,Left Wheel Zero,,,,23,71.6,Left Wheel Zero,NONE,NONE,NONE,15,77,Left Wheel Zero
,,,,,,,,,,,,,,,,,,,,,,,,,5,74.8,Prox Sensor Random,56,37,Prox Sensor Random,,,,62,46.5,Left Wheel Zero,,,,4,70.3,Prox Sensor Random
,,,,,,,,,,,,,,,,,,,,,,,,,,,,,,,,,,,,,,,,,,
User 8,Seed 119,Exp 4,,Seed 129,Exp 5,,Seed 120,Exp 2,,Seed 130,Exp 10,,Seed 139,Exp 8,,Seed 169,Exp 12,,Seed 160,Exp 3,,Seed 150,Exp 11,,Seed 249,Exp 6,,Seed 219,Exp 9,,Seed 230,Exp 7,,Seed 260,Exp 1,,,,,,,
Guesses,NONE,NONE,NONE,20,71,nada,NONE,NONE,NONE,NONE,NONE,NONE,NONE,NONE,NONE,NONE,NONE,NONE,40,199,nada,NONE,NONE,NONE,4,114,nada,1,115,nada,13,101,nada,NONE,NONE,NONE,,,,,,
,,,,31,123,nada,,,,,,,,,,,,,,,,,,,0,190,nada,,,,,,,,,,,,,,,
,,,,,,,,,,,,,,,,,,,,,,,,,,,,,,,,,,,,,,,,,,
True Values,NONE,NONE,NONE,NONE,NONE,NONE,NONE,NONE,NONE,NONE,NONE,NONE,3,78.3,Left Wheel Zero,13,69.3,Prox Sensor Random,4,64.2,Prox Sensor Random,4,1,Left Wheel Zero,4,46.7,Prox Sensor Random,43,4.4,Left Wheel Zero,5,75.9,Left Wheel Zero,43,5.9,Prox Sensor Random,,,,,,
,,,,,,,,,,,,,,,,,,,,,,,,,0,63.4,Prox Sensor Random,1,73,Left Wheel Zero,13,3.9,Prox Sensor Random,16,37.1,Prox Sensor Random,,,,,,
,,,,,,,,,,,,,,,,,,,,,,,,,,,,,,,,,,,,,,,,,,
User 9,Seed 117,Exp 7,,Seed 123,Exp 2,,Seed 112,Exp 3,,Seed 124,Exp 1,,Seed 151,Exp 12,,Seed 147,Exp 3,,Seed 154,Exp 4,,Seed 142,Exp 5,,Seed 229,Exp 8,,Seed 253,Exp 6,,Seed 206,Exp 9,,Seed 252,Exp 10,,,,,,,
Guesses,5,116,prox fault,NONE,NONE,NONE,NONE,NONE,NONE,NONE,NONE,NONE,7,91,prox fault,62,140,Wheel fault,11,75,Prox Sensor,18,107,Wheel fault,9,75,wheel fault,27,73,prox fault,4,61,prox,48,182,wheel,,,,,,
,,,,,,,,,,,,,,,,,,,,,,,,,15,90,prox fault,43,95,prox fault,2,95,wheel,,,,,,,,,
,,,,,,,,,,,,,,,,,,,,,,,,,,,,,,,4-Revoke,121,nada,,,,,,,,,
,,,,,,,,,,,,,,,,,,,,,,,,,,,,,,,10,145,nada,,,,,,,,,
,,,,,,,,,,,,,,,,,,,,,,,,,,,,,,,,,,,,,,,,,,
True Values,NONE,NONE,NONE,NONE,NONE,NONE,NONE,NONE,NONE,NONE,NONE,NONE,7,21,Prox Sensor Random,62,76,Left Wheel Zero,11,70.1,Prox Sensor Random,18,70.5,Left Wheel Zero,9,51.1,Left Wheel Zero,27,31.6,Prox Sensor Random,2,58.5,Left Wheel Zero,31,26.4,Prox Sensor Random,,,,,,
,,,,,,,,,,,,,,,,,,,,,,,,,15,42.4,Prox Sensor Random,43,63,Prox Sensor Random,10,61.7,Left Wheel Zero,48,65.5,Prox Sensor Random,,,,,,
,,,,,,,,,,,,,,,,,,,,,,,,,,,,,,,,,,,,,,,,,,
User 10,Seed 119,Exp 9,,Seed 127,Exp 4,,Seed 114,Exp 10,,Seed 128,Exp 6,,Seed 153,Exp 2,,Seed 145,Exp 11,,Seed 156,Exp 5,,Seed 144,Exp 1,,Seed 227,Exp 12,,Seed 255,Exp 7,,Seed 208,Exp 3,,Seed 254,Exp 8,,,,,,,
Guesses,3,195,proximity failure,NONE,NONE,NONE,11,145,wheel failure,3,141,proximity failure,5,65,proximity issue,NONE,NONE,NONE,NONE,NONE,NONE,43,83,wheel failure,10,37,wheel failure,34,190,? proximity failure,1,64,Wheel failure,NONE,NONE,NONE,,,,,,
,,,,,,,,,,3-Revoke,190,nada,,,,,,,,,,,,,13,72,proximity failure,,,,,,,,,,,,,,,
,,,,,,,,,,,,,,,,,,,,,,,,,,,,,,,,,,,,,,,,,,
True Values,NONE,NONE,NONE,NONE,NONE,NONE,NONE,NONE,NONE,NONE,NONE,NONE,12,48.8,Prox Sensor Random,20,39.6,Left Wheel Zero,10,41.8,Prox Sensor Random,43,29.1,Left Wheel Zero,10,1.7,Left Wheel Zero,34,68.1,Prox Sensor Random,11,75.9,Left Wheel Zero,4,72.4,Prox Sensor Random,,,,,,
,,,,,,,,,,,,,,,,,,,,,,,,,13,0.2,Prox Sensor Random,47,12.3,Prox Sensor Random,1,21.4,Left Wheel Zero,16,49.3,Prox Sensor Random,,,,,,
,,,,,,,,,,,,,,,,,,,,,,,,,,,,,,,,,,,,,,,,,,
User 11,Seed 111,Exp 4,,Seed 129,Exp 8,,Seed 112,Exp 1,,Seed 130,Exp 9,,Seed 133,Exp 11,,Seed 167,Exp 5,,Seed 138,Exp 7,,Seed 170,Exp 12,,Seed 205,Exp 10,,Seed 217,Exp 3,,Seed 246,Exp 6,,Seed 260,Exp 2,,,,,,,
Guesses,NONE,NONE,NONE,NONE,NONE,NONE,NONE,NONE,NONE,NONE,NONE,NONE,15,109,Circles,16,181,Slow,8,112,obstructed,49,89,Slow,3,56,Circles,60,70,Slow,9,33,Slow,NONE,NONE,NONE,,,,,,
,,,,,,,,,,,,,,,,,,,8-Revoke,nada,nada,,,,0,82,Circles,18,168,Circles,0,139,Circles,,,,,,,,,
,,,,,,,,,,,,,,,,,,,,,,,,,14,197,Stopped,,,,7,190,(? before time at the beginning of the guess). Drive into wall,,,,,,,,,
,,,,,,,,,,,,,,,,,,,,,,,,,14-Revoke,200,nada (just said end of video for time),,,,,,,,,,,,,,,
,,,,,,,,,,,,,,,,,,,,,,,,,,,,,,,,,,,,,,,,,,
True Values,NONE,NONE,NONE,NONE,NONE,NONE,NONE,NONE,NONE,NONE,NONE,NONE,15,70.5,Left Wheel Zero,51,70.7,Prox Sensor Random,9,16.4,Left Wheel Zero,49,76.6,Prox Sensor Random,0,65,Left Wheel Zero,18,56.2,Left Wheel Zero,7,30.3,Prox Sensor Random,43,5.9,Prox Sensor Random,,,,,,
,,,,,,,,,,,,,,,,,,,,,,,,,3,32.3,Left Wheel Zero,33,38.4,Left Wheel Zero,9,14.8,Prox Sensor Random,16,37.1,Prox Sensor Random,,,,,,
,,,,,,,,,,,,,,,,,,,,,,,,,,,,,,,,,,,,,,,,,,
User 12,Seed 119,Exp 9,,Seed 123,Exp 3,,Seed 116,Exp 6,,Seed 124,Exp 10,,Seed 155,Exp 4,,Seed 141,Exp 12,,Seed 152,Exp 2,,Seed 146,Exp 7,,Seed 221,Exp 5,,Seed 251,Exp 11,,Seed 228,Exp 1,,Seed 238,Exp 8,,,,,,,
Guesses,2,20,nada,3,39,nada,11,30,nada,51,50,nada,3,13,nada,62,90,nada,13,38,nada,5,30,nada,10,47,nada,54,55,nada,4,30,Stuck,14,46,nada,,,,,,
,8,30,nada,37,56,nada,9,50,nada,12,58,nada,8,20,nada,17,90,nada,10,38,nada,26,75,nada,1,68,nada,19,113,nada,11,30,Stuck,37,46,nada,,,,,,
,11,90,nada,6,75,nada,9,100,nada,39,70,nada,11,30,nada,42,90,nada,14,70,nada,31,75,nada,4,80,nada,55,120,nada,4,45,nada,45,79,nada,,,,,,
,12,180,nada,25,100,nada,8,120,nada,51,140,nada,12,30,nada,53,105,nada,13,84,nada,0,85,nada,4,200,"nada (Looks like they added a fuzzy 4 before the cleanly written one [looked like 44], there's only 16 robots so probs a mistake)",,,,11-Revoke,nada,nada,15,150,nada,,,,,,
,,,,38,150,nada,7,120,nada,2,180,nada,15,56,nada,30,105,nada,0,84,nada,22,85,nada,,,,,,,8,50,nada,,,,,,,,,
,,,,20,160,nada,,,,57,180,nada,1,65,nada,54,150,nada,3,100,nada,15,90,nada,,,,,,,14,75,nada,,,,,,,,,
,,,,55,170,nada,,,,,,,3,140,nada,27,150,nada,4,100,nada,27,90,nada,,,,,,,2,100,nada,,,,,,,,,
,,,,,,,,,,,,,14,160,nada,7,150,nada,2,124,nada,40,141,nada,,,,,,,,,,,,,,,,,,
,,,,,,,,,,,,,0,160,nada,48,150,nada,,,,29,141,nada,,,,,,,,,,,,,,,,,,
,,,,,,,,,,,,,,,,,,,,,,,,,,,,,,,,,,,,,,,,,,
True Values,NONE,NONE,NONE,NONE,NONE,NONE,NONE,NONE,NONE,NONE,NONE,NONE,3,68.3,Prox Sensor Random,29,40.6,Left Wheel Zero,3,2.4,Prox Sensor Random,37,11.4,Left Wheel Zero,8,18.6,Left Wheel Zero,1,36.3,Prox Sensor Random,7,26.4,Left Wheel Zero,27,53,Left Wheel Zero,,,,,,
,,,,,,,,,,,,,,,,,,,,,,,,,1,44.5,Prox Sensor Random,19,79.1,Prox Sensor Random,4,10.3,Prox Sensor Random,46,46.2,Prox Sensor Random,,,,,,
,,,,,,,,,,,,,,,,,,,,,,,,,,,,,,,,,,,,,,,,,,
User 13,Seed 117,Exp 3,,Seed 127,Exp 8,,Seed 114,Exp 11,,Seed 122,Exp 4,,Seed 157,Exp 7,,Seed 143,Exp 1,Demo @ 1:31 (I'm guessing I stopped to show them something important at this time),Seed 158,Exp 10,,Seed 148,Exp 6,,Seed 207,Exp 2,,Seed 259,Exp 5,,Seed 226,Exp 12,,Seed 218,Exp 9,,Seed 143,Exp 1,Type 6,,,
Guesses,NONE,NONE,NONE,3,70,Proximity,NONE,NONE,NONE,NONE,NONE,NONE,NONE,NONE,NONE,7,71,Stuck,NONE,NONE,NONE,46,61,Wheel,11,98,Wheel Fault,60,150,nada,12,72,Wheel,43,37,wheel,41,60,Wheel fault,,,
,,,,3-Revoke,114,nada,,,,,,,,,,41,95,Wheel fault,,,,50,124,Proximity,9,122,Wheel Fault,60-Revoke,170,nada,,,,17,68,wheel,,,,,,
,,,,,,,,,,,,,,,,7-Revoke,159,nada,,,,,,,,,,,,,,,,,,,they accidentally rewatched the same video twice,,,,,
,,,,,,,,,,,,,,,,,,,,,,,,,,,,,,,,,,,,,,,,,,
True Values,NONE,NONE,NONE,NONE,NONE,NONE,NONE,NONE,NONE,NONE,NONE,NONE,4,34.7,Prox Sensor Random,41,21.9,Left Wheel Zero,2,37.3,Prox Sensor Random,46,11.1,Left Wheel Zero,9,49.4,Left Wheel Zero,50,21.7,Prox Sensor Random,12,56,Left Wheel Zero,17,5.7,Left Wheel Zero,41,21.9,Left Wheel Zero,,,
,,,,,,,,,,,,,,,,,,,,,,,,,11,47.2,Left Wheel Zero,46,32.5,Prox Sensor Random,0,11.7,Prox Sensor Random,43,21.7,Left Wheel Zero,,,,,,
,,,,,,,,,,,,,,,,,,,,,,,,,,,,,,,,,,,,,,,,,,
User 14,Seed 111,Exp 9,,Seed 129,Exp 2,,Seed 118,Exp 8,,Seed 126,Exp 7,,Seed 137,Exp 3,,Seed 169,Exp 10,,Seed 140,Exp 11,,Seed 166,Exp 6,,Seed 209,Exp 12,,Seed 215,Exp 1,,Seed 244,Exp 5,,Seed 258,Exp 4,,,,,,,
Guesses,11,200,nada,22,22,nada,NONE,NONE,NONE,38,67,nada,1,113,nada,4,79,nada,12,7,nada,33,127,nada,6,65,nada,NONE,NONE,NONE,1,88,nada,36,16,nada,,,,,,
,,,,56,120,nada,,,,59,198,nada,,,,13,107,nada,,,,61,194,nada,4,78,nada,,,,8,106,nada,,,,,,,,,
,,,,2,183,nada,,,,,,,,,,,,,,,,,,,1,182,nada,,,,,,,,,,,,,,,
,,,,22,183,nada,,,,,,,,,,,,,,,,,,,1-Revoke,186,nada,,,,,,,,,,,,,,,
,,,,,,,,,,,,,,,,,,,,,,,,,,,,,,,,,,,,,,,,,,
True Values,NONE,NONE,NONE,NONE,NONE,NONE,NONE,NONE,NONE,NONE,NONE,NONE,1,28.2,Left Wheel Zero,13,69.3,Prox Sensor Random,12,2.5,Left Wheel Zero,61,2.4,Prox Sensor Random,4,60,Left Wheel Zero,63,10.9,Left Wheel Zero,1,41.4,Prox Sensor Random,2,51.5,Prox Sensor Random,,,,,,
,,,,,,,,,,,,,,,,,,,,,,,,,6,58.6,Left Wheel Zero,16,70.7,Left Wheel Zero,8,36.9,Prox Sensor Random,36,3,Prox Sensor Random,,,,,,
,,,,,,,,,,,,,,,,,,,,,,,,,,,,,,,,,,,,,,,,,,
User 15,Seed 111,Exp 1,,Seed 121,Exp 7,Took break right before starting the second half,Seed 120,Exp 4,,Seed 124,Exp 2,,Seed 159,Exp 6,,Seed 149,Exp 11,,Seed 152,Exp 8,,Seed 150,Exp 3,,Seed 203,Exp 9,,Seed 213,Exp 12,,Seed 242,Exp 10,,Seed 260,Exp 5,,,,,,,
Guesses,7,83,Prox,NONE,NONE,NONE,6,199,both wheels are out,NONE,NONE,NONE,6,105,prox sensor out,NONE,NONE,NONE,3,34,Prox sensor,4,95,one wheel is out,15,61,both wheels out,63,99,both wheels out,8,76,prox sensor out,16,115,prox sensor out,,,,,,
,7-Revoke,94,nada,,,,,,,,,,,,,,,,,,,,,,13,121,one wheel out,11,160,one wheel out,7,153,prox sensor out,,,,,,,,,
,,,,,,,,,,,,,,,,,,,,,,,,,13,131,both wheels now out,,,,,,,,,,,,,,,
,,,,,,,,,,,,,,,,,,,,,,,,,13,182,"one wheel back on, could actually have been a prox error, not a wheel error",,,,,,,,,,,,,,,
,,,,,,,,,,,,,,,,,,,,,,,,,,,,,,,,,,,,,,,,,,
True Values,NONE,NONE,NONE,NONE,NONE,NONE,NONE,NONE,NONE,NONE,NONE,NONE,6,11.4,Prox Sensor Random,63,77.4,Left Wheel Zero,3,2.4,Prox Sensor Random,4,1,Left Wheel Zero,15,40.7,Left Wheel Zero,63,30.4,Left Wheel Zero,7,16,Prox Sensor Random,43,5.9,Prox Sensor Random,,,,,,
,,,,,,,,,,,,,,,,,,,,,,,,,13,50.2,Right Wheel Zero,11,57.1,Left Wheel Zero,8,24.7,Prox Sensor Random,16,37.1,Prox Sensor Random,,,,,,
,,,,,,,,,,,,,,,,,,,,,,,,,,,,,,,,,,,,,,,,,,
User 16,Seed 113,Exp 7,,Seed 123,Exp 5,,Seed 112,Exp 11,,Seed 126,Exp 9,,Seed 151,Exp 6,,Seed 141,Exp 12,,Seed 154,Exp 1,,Seed 142,Exp 4,,Seed 201,Exp 3,,Seed 251,Exp 10,,Seed 248,Exp 2,,Seed 258,Exp 8,,,,,,,
Guesses,NONE,NONE,NONE,NONE,NONE,NONE,NONE,NONE,NONE,59,184,Proximity Sensor,7,133,Stuck near wall,NONE,NONE,NONE,13,66,Proximity sensor,27,153,Stuck near wall/Proximity sensor?,,52,Broken wheel,1,180,Stuck at wall,8,77,Proximity sensor,NONE,NONE,NONE,,,,,,
,,,,,,,,,,5,184,Proximity Sensor,,,,,,,,,,27-Revoke,172,nada,7,102,Permanadantly stuck near wall,,,,1,130,Proximity sensor/stuck at wall,,,,,,,,,
,,,,,,,,,,,,,,,,,,,,,,18,187,Broken wheel,,,,,,,,,,,,,,,,,,
,,,,,,,,,,,,,,,,,,,,,,,,,,,,,,,,,,,,,,,,,,
True Values,NONE,NONE,NONE,NONE,NONE,NONE,NONE,NONE,NONE,NONE,NONE,NONE,7,21,Prox Sensor Random,29,40.6,Left Wheel Zero,11,70.1,Prox Sensor Random,18,70.5,Left Wheel Zero,4,28.6,Left Wheel Zero,1,36.3,Prox Sensor Random,1,74.6,Prox Sensor Random,2,51.5,Prox Sensor Random,,,,,,
,,,,,,,,,,,,,,,,,,,,,,,,,7,57.4,Right Wheel Zero,19,79.1,Prox Sensor Random,8,46.7,Prox Sensor Random,36,3,Prox Sensor Random,,,,,,
,,,,,,,,,,,,,,,,,,,,,,,,,,,,,,,,,,,,,,,,,,
User 17,Seed 115,Exp 2,,Seed 125,Exp 8,,Seed 114,Exp 3,,Seed 128,Exp 6,,Seed 153,Exp 1,,Seed 143,Exp 9,,Seed 156,Exp 12,,Seed 144,Exp 10,,Seed 223,Exp 4,,Seed 211,Exp 5,,Seed 204,Exp 11,,Seed 256,Exp 7,,,,,,,
Guesses,NONE,NONE,NONE,NONE,NONE,NONE,12,35,Stuck - then found food,NONE,NONE,NONE,15,60,stuck near wall slow,41,27,Circlular Motion/wheel not working,10,144,Stuck on wall not recovering or proxy not working,43,85,Circlular Motion/Wheel not working,4,50,Hard Stuck on wall/Proxy wrong,51,117,Circular motion/ wheel not working,7,100,No motion at all,39,89,Weird jerky motion,,,,,,
,,,,,,,13,35,Stuck - then found food,,,,11,143,stopped for no reason,,,,,,,,,,13,119,No motion,48,162,Circular motion/ wheel not working,9,148,No motion near target even if no obs,9,180,on wall,,,,,,
,,,,,,,14,35,Stuck - then found food,,,,,,,,,,,,,,,,13,144,Weird on motion/wheel gone bad,,,,,,,,,,,,,,,
,,,,,,,15,35,Stuck - then found food,,,,,,,,,,,,,,,,,,,,,,,,,,,,,,,,,
,,,,,,,10,108,jerky left/right motion,,,,,,,,,,,,,,,,,,,,,,,,,,,,,,,,,
,,,,,,,1,135,Stuck for long time,,,,,,,,,,,,,,,,,,,,,,,,,,,,,,,,,
,,,,,,,8,135,Stuck for long time,,,,,,,,,,,,,,,,,,,,,,,,,,,,,,,,,
,,,,,,,,,,,,,,,,,,,,,,,,,,,,,,,,,,,,,,,,,,
True Values,NONE,NONE,NONE,NONE,NONE,NONE,NONE,NONE,NONE,NONE,NONE,NONE,12,48.8,Prox Sensor Random,41,21.9,Left Wheel Zero,10,41.8,Prox Sensor Random,43,29.1,Left Wheel Zero,13,58.3,Left Wheel Zero,48,43.1,Left Wheel Zero,7,45.6,Left Wheel Zero,39,14.3,Prox Sensor Random,,,,,,
,,,,,,,,,,,,,,,,,,,,,,,,,4,23.4,Prox Sensor Random,51,64.4,Left Wheel Zero,9,40.1,Left Wheel Zero,9,79,Prox Sensor Random,,,,,,
,,,,,,,,,,,,,,,,,,,,,,,,,,,,,,,,,,,,,,,,,,
User 18 (Not Used),,,,,,,,,,,,,,,,,,,,,,,,,,,,,,,,,,,,,,,,,,
Guesses,,,,,,,,,,,,,,,,,,,,,,,,,,,,,,,,,,,,,,,,,,
True Values,,,,,,,,,,,,,,,,,,,,,,,,,,,,,,,,,,,,,,,,,,
,,,,,,,,,,,,,,,,,,,,,,,,,,,,,,,,,,,,,,,,,,
User 19,Seed 119,Exp 6,,Seed 129,Exp 12,,Seed 118,Exp 5,,Seed 122,Exp 3,,Seed 131,Exp 11,,Seed 147,Exp 7,,Seed 134,Exp 9,,Seed 168,Exp 2,,Seed 205,Exp 1,,Seed 219,Exp 4,,Seed 224,Exp 8,,Seed 220,Exp 10,,,,,,,
Guesses,3,174,was beacon but started moving,nada,180,"a few just stayed at the ""food"" then never moved or did not try to leave",9,25,Sensor,NONE,NONE,NONE,0,63,wheel,62,96,Wheel,0,95,wheel,44,159,Sensor,3,45,wheel,43,159,Wheel,7,32,Sensor,3,105,wheel,,,,,,
,,,,,,,9-Revoke,59,nada,,,,,,,,,,,,,,,,0,77,wheel,,,,11,83,Wheel,,,,,,,,,
,,,,,,,,,,,,,,,,,,,,,,,,,,,,,,,11,109,Stopped mvoing,,,,,,,,,
,,,,,,,,,,,,,,,,,,,,,,,,,,,,,,,11,132,Started and stopped again,,,,,,,,,
,,,,,,,,,,,,,,,,,,,,,,,,,,,,,,,11,168,Started and stopped again,,,,,,,,,
,,,,,,,,,,,,,,,,,,,,,,,,,,,,,,,,,,,,,,,,,,
True Values,NONE,NONE,NONE,NONE,NONE,NONE,NONE,NONE,NONE,NONE,NONE,NONE,0,39,Left Wheel Zero,62,76,Left Wheel Zero,0,74.6,Left Wheel Zero,44,26.3,Prox Sensor Random,0,65,Left Wheel Zero,43,4.4,Left Wheel Zero,11,33.4,Left Wheel Zero,28,38.3,Left Wheel Zero,,,,,,
,,,,,,,,,,,,,,,,,,,,,,,,,3,32.3,Left Wheel Zero,1,73,Left Wheel Zero,7,16.3,Prox Sensor Random,3,24.3,Left Wheel Zero,,,,,,
,,,,,,,,,,,,,,,,,,,,,,,,,,,,,,,,,,,,,,,,,,
User 20,Seed 111,Exp 5,,Seed 121,Exp 11,,Seed 120,Exp 1,,Seed 124,Exp 8,,Seed 155,Exp 3,,Seed 149,Exp 4,,Seed 160,Exp 2,,Seed 146,Exp 7,,Seed 227,Exp 9,,Seed 257,Exp 10,,Seed 222,Exp 6,,,,,Seed 250,Exp 12,Type 11,,,
Guesses,NONE,NONE,NONE,NONE,NONE,NONE,NONE,NONE,NONE,NONE,NONE,NONE,3,97,prox sensor,NONE,NONE,NONE,4,102,prox sensor,37,152,wheel,10,29,wheel,19,33,prox,5,79,wheel,,,,1,70,prox,,,
,,,,,,,,,,,,,,,,,,,,,,,,,13,73,prox sensor,,,,7,110,prox sensor,,,,5,134,prox,,,
,,,,,,,,,,,,,,,,,,,,,,,,,,,,,,,,,,,,,,,,,,
True Values,NONE,NONE,NONE,NONE,NONE,NONE,NONE,NONE,NONE,NONE,NONE,NONE,3,68.3,Prox Sensor Random,63,77.4,Left Wheel Zero,4,64.2,Prox Sensor Random,37,11.4,Left Wheel Zero,10,1.7,Left Wheel Zero,19,1.6,Prox Sensor Random,5,60.1,Left Wheel Zero,,,,1,1.5,Prox Sensor Random,,,
,,,,,,,,,,,,,,,,,,,,,,,,,13,0.2,Prox Sensor Random,44,50.6,Prox Sensor Random,7,30.8,Prox Sensor Random,,,,5,26.4,Prox Sensor Random,,,
,,,,,,,,,,,,,,,,,,,,,,,,,,,,,,,,,,,,,,,,,,
User 21,Seed 113,Exp 3,,Seed 123,Exp 10,,Seed 112,Exp 8,,Seed 126,Exp 7,,Seed 157,Exp 6,,Seed 161,Exp 5,,Seed 136,Exp 12,,Seed 148,Exp 11,,Seed 229,Exp 4,,Seed 231,Exp 2,,Seed 210,Exp 9,,,,,Seed 230,Exp 1,Type 11,,,
Guesses,0,55,Proximity sensor problem,NONE,NONE,NONE,NONE,NONE,NONE,NONE,NONE,NONE,4,74,Proximity sensor problem,6,59,Proximity sensor problem,1,66,Wheel problem,46,113,Wheel problem,4,8,Proximity sensor problem,31,119,Wheel problem,7,58,Wheel problem,,,,13,67,Wheel problem,,,
,11,60,Moved from beacon,,,,,,,,,,,,,6-Revoke,81,nada,nada,128,Moved from beacon,,,,4-Revoke,15,nada,60,188,Moved from beacon,11,103,Wheel problem,,,,13-Revoke,183,nada,,,
,0-Revoke,80,nada,,,,,,,,,,,,,0,194,Proximity sensor problem,,,,,,,9,78,Wheel problem,,,,,,,,,,,,,,,
,3,175,Proximity sensor problem,,,,,,,,,,,,,,,,,,,,,,15,100,Proximity sensor problem,,,,,,,,,,,,,,,
,,,,,,,,,,,,,,,,,,,,,,,,,,,,,,,,,,,,,,,,,,
True Values,NONE,NONE,NONE,NONE,NONE,NONE,NONE,NONE,NONE,NONE,NONE,NONE,4,34.7,Prox Sensor Random,0,63.6,Prox Sensor Random,1,21.1,Left Wheel Zero,46,11.1,Left Wheel Zero,9,51.1,Left Wheel Zero,31,66.3,Left Wheel Zero,11,35.5,Left Wheel Zero,,,,5,75.9,Left Wheel Zero,,,
,,,,,,,,,,,,,,,,,,,,,,,,,15,42.4,Prox Sensor Random,51,17,Prox Sensor Random,7,15,Left Wheel Zero,,,,13,3.9,Prox Sensor Random,,,
,,,,,,,,,,,,,,,,,,,,,,,,,,,,,,,,,,,,,,,,,,
User 22,Seed 115,Exp 3,,Seed 125,Exp 2,,Seed 114,Exp 12,,Seed 128,Exp 5,,Seed 133,Exp 7,,Seed 141,Exp 10,,Seed 152,Exp 6,,Seed 162,Exp 1,,Seed 203,Exp 11,,Seed 217,Exp 9,,Seed 242,Exp 4,,Seed 254,Exp 8,,,,,,,
Guesses,12,20,Proxy.,52,82,nada,14,62,proxy,39,103,proxy,6,56,proxy failure/false alarm,29,116,wheels,9,59,Beacon,39,44,wall,15,69,mechanical failure/wheels/proxy,23,74,proxy,NONE,NONE,NONE,5,49,proxy loss,,,,,,
Did not pause videos while writing for the first 6 videos,2,74,Proxy.,5,82,nada,14-Revoke,138,nada,7,103,proxy,6-Revoke,67,nada,5,178,proxy.,3,115,proxy.,29,44,wall,13,84,wheel,23-Revoke,140,nada,,,,26,64,Beacon,,,,,,
,14,133,Proxy.,29,118,Went over food,,,,35,119,proxy,13,88,Beacon,,,,4,160,proxy.,39-Revoke,nada,nada,,,,50,140,proxy,,,,5-Revoke,93,Started moving,,,,,,
,12-Revoke,nada,nada,32,118,Went over food,,,,57,119,proxy,15,141,wheel,,,,,,,29-Revoke,nada,nada,,,,33,160,wheel,,,,16,146,proxy not working,,,,,,
,2-Revoke,nada,nada,29-Revoke,135,nada,,,,3,128,wheels,,,,,,,,,,24,nada,Beacon,,,,,,,,,,,,,,,,,,
,14-Revoke,nada,nada,32-Revoke,135,nada,,,,14,152,proxy,,,,,,,,,,41,110,nada,,,,,,,,,,,,,,,,,,
,nada,nada,All are good.,36,140,proxy,,,,14-Revoke,179,nada,,,,,,,,,,45,117,wheels,,,,,,,,,,,,,,,,,,
,,,,40,140,proxy,,,,,,,,,,,,,,,,61,140,prox,,,,,,,,,,,,,,,,,,
,,,,44,176,proxy,,,,,,,,,,,,,,,,45-Revoke,165,nada,,,,,,,,,,,,,,,,,,
,,,,43,176,proxy,,,,,,,,,,,,,,,,12,185,prox,,,,,,,,,,,,,,,,,,
,,,,2,176,proxy,,,,,,,,,,,,,,,,,,,,,,,,,,,,,,,,,,,,
,,,,,,,,,,,,,,,,,,,,,,,,,,,,,,,,,,,,,,,,,,
True Values,NONE,NONE,NONE,NONE,NONE,NONE,NONE,NONE,NONE,NONE,NONE,NONE,15,70.5,Left Wheel Zero,29,40.6,Left Wheel Zero,3,2.4,Prox Sensor Random,61,40.4,Prox Sensor Random,15,40.7,Left Wheel Zero,18,56.2,Left Wheel Zero,7,16,Prox Sensor Random,4,72.4,Prox Sensor Random,,,,,,
,,,,,,,,,,,,,,,,,,,,,,,,,13,50.2,Right Wheel Zero,33,38.4,Left Wheel Zero,8,24.7,Prox Sensor Random,16,49.3,Prox Sensor Random,,,,,,
,,,,,,,,,,,,,,,,,,,,,,,,,,,,,,,,,,,,,,,,,,
User 23,Seed 117,Exp 8,,Seed 127,Exp 10,,Seed 116,Exp 7,,Seed 130,Exp 3,,Seed 159,Exp 2,,Seed 163,Exp 12,,Seed 138,Exp 4,,Seed 150,Exp 9,,Seed 221,Exp 6,,Seed 259,Exp 11,,Seed 202,Exp 1,,Seed 232,Exp 5,,,,,,,
Guesses,8,175,wheel?,NONE,NONE,NONE,6,40,food sensor?,NONE,NONE,NONE,6,90,prox?,5,105,wheel?,9,150,stuck?,4,165,wheel?,8,50,wheel?,NONE,NONE,NONE,2,80,wheel?,23,160,wheel?,,,,,,
,8-Revoke,nada,nada,,,,1,110,beacon moved? (They added a question mark after 1),,,,,,,5-Revoke,130,nada,9-Revoke,185,nada,,,,,,,,,,,,,,,,,,,,,
,,,,,,,,,,,,,,,,,,,,,,,,,,,,,,,,,,,,,,,,,,
,,,,,,,,,,,,,,,,,,,,,,,,,,,,,,,,,,,,,,,,,,
True Values,NONE,NONE,NONE,NONE,NONE,NONE,NONE,NONE,NONE,NONE,NONE,NONE,6,11.4,Prox Sensor Random,31,40.2,Prox Sensor Random,9,16.4,Left Wheel Zero,4,1,Left Wheel Zero,8,18.6,Left Wheel Zero,50,21.7,Prox Sensor Random,13,57.9,Left Wheel Zero,23,16,Left Wheel Zero,,,,,,
,,,,,,,,,,,,,,,,,,,,,,,,,1,44.5,Prox Sensor Random,46,32.5,Prox Sensor Random,2,32.1,Right Wheel Zero,45,75.1,Prox Sensor Random,,,,,,
,,,,,,,,,,,,,,,,,,,,,,,,,,,,,,,,,,,,,,,,,,
User 24,Seed 119,Exp 10,,Seed 129,Exp 6,,Seed 118,Exp 4,,Seed 122,Exp 1,,Seed 135,Exp 12,,Seed 143,Exp 2,,Seed 154,Exp 11,,Seed 164,Exp 5,,Seed 241,Exp 9,,Seed 233,Exp 3,,Seed 224,Exp 8,,Seed 212,Exp 9,,,,,,,
Guesses,NONE,NONE,NONE,NONE,NONE,NONE,NONE,NONE,NONE,NONE,NONE,NONE,11,90,wheel,41,88,wheel fault,11,139,proximity,NONE,NONE,NONE,6,116,proximity,NONE,NONE,NONE,11,42,wheel,NONE,NONE,NONE,,,,,,
,,,,,,,,,,,,,,,,,,,,,,,,,9,175,proximity,,,,7,159,proximity,,,,,,,,,
,,,,,,,,,,,,,,,,,,,,,,,,,,,,,,,,,,,,,,,,,,
True Values,NONE,NONE,NONE,NONE,NONE,NONE,NONE,NONE,NONE,NONE,NONE,NONE,11,13.3,Left Wheel Zero,41,21.9,Left Wheel Zero,11,70.1,Prox Sensor Random,5,40.1,Prox Sensor Random,9,10.7,Prox Sensor Random,42,48.3,Left Wheel Zero,11,33.4,Left Wheel Zero,23,71.6,Left Wheel Zero,,,,,,
,,,,,,,,,,,,,,,,,,,,,,,,,6,79.6,Prox Sensor Random,13,31.1,Prox Sensor Random,7,16.3,Prox Sensor Random,62,46.5,Left Wheel Zero,,,,,,
,,,,,,,,,,,,,,,,,,,,,,,,,,,,,,,,,,,,,,,,,,
User 25,Seed 111,Exp 12,,Seed 121,Exp 1,,Seed 120,Exp 3,,Seed 124,Exp 8,,Seed 151,Exp 5,,Seed 165,Exp 9,,Seed 140,Exp 4,,Seed 142,Exp 7,,Seed 205,Exp 2,,Seed 219,Exp 6,,Seed 244,Exp 10,,Seed 256,Exp 11,,,,,,,
Guesses,NONE,NONE,NONE,NONE,NONE,NONE,NONE,NONE,NONE,NONE,NONE,NONE,7,103,proximity sensors broken,1,170,proximity sensors broken,12,48,left wheel broken,NONE,NONE,NONE,3,57,left wheel broken,43,106,left wheel broken,1,63,turns in to the wall maybe proximity,9,174,proximity sensors broken,,,,,,
,,,,,,,,,,,,,,,,,,,,,,,,,0,101,left wheel broken,1,146,left wheel broken,8,126,keeps driving into wall possibly proximity as well,,,,,,,,,
,,,,,,,,,,,,,,,,,,,,,,,,,,,,,,,,,,,,,,,,,,
True Values,NONE,NONE,NONE,NONE,NONE,NONE,NONE,NONE,NONE,NONE,NONE,NONE,7,21,Prox Sensor Random,1,14.4,Prox Sensor Random,12,2.5,Left Wheel Zero,18,70.5,Left Wheel Zero,0,65,Left Wheel Zero,43,4.4,Left Wheel Zero,1,41.4,Prox Sensor Random,39,14.3,Prox Sensor Random,,,,,,
,,,,,,,,,,,,,,,,,,,,,,,,,3,32.3,Left Wheel Zero,1,73,Left Wheel Zero,8,36.9,Prox Sensor Random,9,79,Prox Sensor Random,,,,,,
,,,,,,,,,,,,,,,,,,,,,,,,,,,,,,,,,,,,,,,,,,
User 26,Seed 113,Exp 1,,Seed 123,Exp 9,,Seed 112,Exp 2,,Seed 126,Exp 11,,Seed 137,Exp 10,,Seed 145,Exp 4,,Seed 156,Exp 6,,Seed 166,Exp 12,,Seed 223,Exp 7,,Seed 251,Exp 5,,Seed 204,Exp 8,,Seed 234,Exp 3,,,,,,,
Guesses,11,65,Ignores food,39,120,prox sensor,14,95,Ignores beacon,NONE,NONE,NONE,1,74,wheel problem,24,38,prox sensor,10,75,beacon moves,61,17,prox sensor,4,55,prox sensors,1,193,prox sensor,15,67,Ignore food,NONE,NONE,NONE,,,,,,
,,,,39-Revoke,120,nada,,,,,,,,,,20,199,wheel problem,10,176,prox sensors,,,,13,78,wheel problem,19,193,prox sensor,12,67,Ignore food,,,,,,,,,
,,,,,,,,,,,,,,,,,,,,,,,,,,,,,,,7,78,wheel problem,,,,,,,,,
,,,,,,,,,,,,,,,,,,,,,,,,,,,,,,,9,140,prox sensor,,,,,,,,,
,,,,,,,,,,,,,,,,,,,,,,,,,,,,,,,,,,,,,,,,,,
True Values,NONE,NONE,NONE,NONE,NONE,NONE,NONE,NONE,NONE,NONE,NONE,NONE,1,28.2,Left Wheel Zero,20,39.6,Left Wheel Zero,10,41.8,Prox Sensor Random,61,2.4,Prox Sensor Random,13,58.3,Left Wheel Zero,1,36.3,Prox Sensor Random,7,45.6,Left Wheel Zero,15,77,Left Wheel Zero,,,,,,
,,,,,,,,,,,,,,,,,,,,,,,,,4,23.4,Prox Sensor Random,19,79.1,Prox Sensor Random,9,40.1,Left Wheel Zero,4,70.3,Prox Sensor Random,,,,,,
,,,,,,,,,,,,,,,,,,,,,,,,,,,,,,,,,,,,,,,,,,
User 27,Seed 115,Exp 5,,Seed 125,Exp 7,,Seed 114,Exp 12,,Seed 128,Exp 2,,Seed 153,Exp 4,,Seed 167,Exp 6,,Seed 132,Exp 3,,Seed 144,Exp 8,,Seed 243,Exp 10,,Seed 235,Exp 1,,Seed 226,Exp 9,,Seed 214,Exp 11,,,,,,,
Guesses,9,88,never went to food,29,141,not going towards food,6,70,cannot separate from wall,35,119,never went towards food - was close earlier,10,49,did not pick up beacon robot signadal,NONE,NONE,NONE,NONE,NONE,NONE,NONE,NONE,NONE,0,75,Shaky movement,38,44,sensor - going weird direction - red circle,0,100,broken sensor -> facing wall,3,193,Broken wheels - no motion,,,,,,
,,,,38,198,will not separate from wall,6-Revoke,112,nada,,,,1,165,not moving,,,,,,,,,,11,170,broken sensor - facing wall,61,92,not going towards food,12,172,broken wheel -> circular motion,,,,,,,,,
,,,,,,,,,,,,,1-Revoke,nada,nada,,,,,,,,,,,,,11,95,wheel - strange movement,,,,,,,,,,,,
,,,,,,,,,,,,,,,,,,,,,,,,,,,,27,95,wheel - strange movement,,,,,,,,,,,,
,,,,,,,,,,,,,,,,,,,,,,,,,,,,62,108,wheel - going in circle,,,,,,,,,,,,
,,,,,,,,,,,,,,,,,,,,,,,,,,,,53,157,not going towards food,,,,,,,,,,,,
,,,,,,,,,,,,,,,,,,,,,,,,,,,,,,,,,,,,,,,,,,
True Values,NONE,NONE,NONE,NONE,NONE,NONE,NONE,NONE,NONE,NONE,NONE,NONE,12,48.8,Prox Sensor Random,51,70.7,Prox Sensor Random,2,60.6,Left Wheel Zero,43,29.1,Left Wheel Zero,0,7.9,Prox Sensor Random,62,72.9,Left Wheel Zero,12,56,Left Wheel Zero,3,44.7,Left Wheel Zero,,,,,,
,,,,,,,,,,,,,,,,,,,,,,,,,11,79.9,Prox Sensor Random,11,24.4,Prox Sensor Random,0,11.7,Prox Sensor Random,41,21.1,Left Wheel Zero,,,,,,
,,,,,,,,,,,,,,,,,,,,,,,,,,,,,,,,,,,,,,,,,,
User 28,Seed 117,Exp 11,,Seed 127,Exp 10,,Seed 116,Exp 5,,Seed 130,Exp 12,,Seed 139,Exp 2,,Seed 147,Exp 1,,Seed 158,Exp 8,,Seed 168,Exp 6,,Seed 207,Exp 3,,Seed 211,Exp 9,,Seed 246,Exp 4,,Seed 258,Exp 7,,,,,,,
Guesses,14,nada,beacon problem,4,nada,collision,10,nada,stuck to wall for a while,9,nada,stuck to wall.,12,nada,wheel fault,10,nada,stuck to wall,2,nada,stuck to wall,5,nada,Stuck to wall for,10,nada,stuck to wall,3,nada,stuck to wall,6,nada,6 and 13 collide,6,nada,collision,,,,,,
,9,nada,stuck to wall,14,nada,collision,9,nada,Beacon problem,61,nada,stuck to wall.,8,nada,stuck to wall for a while then normal,24,nada,stuck to wall then normal,11,nada,beacon problem and stuck to wall,41,nada,Stuck to wall for,8,nada,wheel problem,6,nada,stuck to wall,13,nada,6 and 13 collide,34,nada,collision,,,,,,
,7,nada,stuck to wall,23,nada,stuck to wall,11,nada,Beacon problem,5,nada,stuck to wall.,16,nada,stuck to wall for a while then normal,15,nada,stuck to wall then normal behavior,10,nada,beacon problem and stuck to wall,50,nada,Stuck to wall for,10,nada,10 and 8 collide,16,nada,collision plus stuck to wall,7,nada,stuck to wall,11,nada,collision,,,,,,
,,,,47,nada,stuck to wall,8,nada,stuck to wall,31,nada,stuck to wall.,nada,nada,No robot close to for a long time,16,nada,wheel fault,14,nada,beacon problem and stuck to wall,6,nada,Stuck to wall for,8,nada,10 and 8 collide,61,nada,collision plus stuck to wall,8,nada,8 and 10 collide,56,nada,collision,,,,,,
,,,,24,nada,stuck to wall,3,nada,stuck to wall,37,nada,stuck to wall.,nada,nada,No beacon,62,nada,stuck to wall,,,,55,nada,Stuck to wall for,7,nada,stuck to wall,34,nada,"beacon problem, stuck to wall",10,nada,8 and 10 collide,55,nada,collision then separated,,,,,,
,,,,6,nada,stuck to wall,0,nada,"stuck to wall for a while, then normal behavior",,,,15,nada,Stuck to wall,47,nada,stuck to wall,,,,14,nada,Stuck to wall for,0,nada,"stuck to wall, away from food",61,nada,wheel problem,11,nada,wheel problem,24,nada,collision then separated,,,,,,
,,,,32,nada,stuck to wall,,,,,,,3,nada,wheel fault (moving in circular pattern),42,nada,stuck to wall,,,,31,nada,"Collision same behaviors for 9, 56, 50",,,,10,nada,"wheel/beacon fault, stuck to wall",9,nada,stuck to wall,13,nada,collision then separated,,,,,,
,,,,56,nada,stuck to wall,,,,,,,,,,,,,,,,32,nada,"Collision same behaviors for 9, 56, 50",,,,38,nada,"wheel/beacon fault, stuck to wall",,,,58,nada,collision,,,,,,
,,,,62,nada,stuck to wall,,,,,,,,,,,,,,,,63,nada,"Collision same behaviors for 9, 56, 50",,,,61,nada,"wheel/beacon fault, stuck to wall",,,,35,nada,collision,,,,,,
,,,,,,,,,,,,,,,,,,,,,,9,nada,Collision,,,,,,,,,,42,nada,stuck to wall,,,,,,
,,,,,,,,,,,,,,,,,,,,,,56,nada,Collision,,,,,,,,,,59,nada,stuck to wall,,,,,,
,,,,,,,,,,,,,,,,,,,,,,50,nada,Collision,,,,,,,,,,23,nada,stuck to wall,,,,,,
,,,,,,,,,,,,,,,,,,,,,,0,nada,stuck to wall below food,,,,,,,,,,61,nada,stuck to wall,,,,,,
,,,,,,,,,,,,,,,,,,,,,,61,nada,"stuck to wall, same for ep 8, ep 47, ep 33",,,,,,,,,,41,nada,stuck to wall,,,,,,
,,,,,,,,,,,,,,,,,,,,,,8,nada,stuck to wall,,,,,,,,,,16,nada,stuck to wall,,,,,,
,,,,,,,,,,,,,,,,,,,,,,47,nada,stuck to wall,,,,,,,,,,7,nada,stuck to wall,,,,,,
,,,,,,,,,,,,,,,,,,,,,,33,nada,stuck to wall,,,,,,,,,,16,nada,stuck to wall (repeated accidentally?),,,,,,
,,,,,,,,,,,,,,,,,,,,,,24,nada,Collision,,,,,,,,,,4,nada,stuck to wall,,,,,,
,,,,,,,,,,,,,,,,,,,,,,41,nada,Collision,,,,,,,,,,48,nada,stuck to wall,,,,,,
,,,,,,,,,,,,,,,,,,,,,,33,nada,Collision,,,,,,,,,,52,nada,beacon problem,,,,,,
,,,,,,,,,,,,,,,,,,,,,,47,nada,Collision,,,,,,,,,,,,,,,,,,
,,,,,,,,,,,,,,,,,,,,,,43,nada,stuck to wall,,,,,,,,,,,,,,,,,,
,,,,,,,,,,,,,,,,,,,,,,14,nada,stuck to wall,,,,,,,,,,,,,,,,,,
,,,,,,,,,,,,,,,,,,,,,,23,nada,stuck to wall,,,,,,,,,,,,,,,,,,
,,,,,,,,,,,,,,,,,,,,,,8,nada,stuck to wall,,,,,,,,,,,,,,,,,,
,,,,,,,,,,,,,,,,,,,,,,43,nada,stuck to wall,,,,,,,,,,,,,,,,,,
,,,,,,,,,,,,,,,,,,,,,,46,nada,collision plus stuck to wall,,,,,,,,,,,,,,,,,,
,,,,,,,,,,,,,,,,,,,,,,19,nada,collision plus stuck to wall,,,,,,,,,,,,,,,,,,
,,,,,,,,,,,,,,,,,,,,,,,,,,,,,,,,,,,,,,,,,,
True Values,NONE,NONE,NONE,NONE,NONE,NONE,NONE,NONE,NONE,NONE,NONE,NONE,3,78.3,Left Wheel Zero,62,76,Left Wheel Zero,2,37.3,Prox Sensor Random,44,26.3,Prox Sensor Random,9,49.4,Left Wheel Zero,48,43.1,Left Wheel Zero,7,30.3,Prox Sensor Random,2,51.5,Prox Sensor Random,,,,,,
,,,,,,,,,,,,,,,,,,,,,,,,,11,47.2,Left Wheel Zero,51,64.4,Left Wheel Zero,9,14.8,Prox Sensor Random,36,3,Prox Sensor Random,,,,,,
,,,,,,,,,,,,,,,,,,,,,,,,,,,,,,,,,,,,,,,,,,
User 29,Seed 119,Exp 8,,Seed 129,Exp 3,,Seed 118,Exp 1,,Seed 122,Exp 6,,Seed 155,Exp 9,,Seed 169,Exp 11,,Seed 134,Exp 10,,Seed 146,Exp 4,,Seed 225,Exp 12,,Seed 253,Exp 7,,Seed 206,Exp 2,,Seed 236,Exp 5,,,,,,,
Guesses,2,26,nada,NONE,NONE,NONE,9,10,nada,63,90,Prox issue,3,104,wheel issue,13,115,Prox issue,0,80,wheel issue,54,150,nada,3,90,prox issue,37,189,nada,2,121,wheel issue,NONE,NONE,NONE,,,,,,
,2-Revoke,45,nada,,,,9-Revoke,30,nada,63-Revoke,150,nada,,,,,,,,,,54-Revoke,180,nada,0,131,prox issue,,,,,,,,,,,,,,,
,10,189,stopped,,,,nada,nada,No faults,,,,,,,,,,,,,,,,0-Revoke,155,nada,,,,,,,,,,,,,,,
,10-Revoke,195,nada,,,,,,,,,,,,,,,,,,,,,,4,180,wheel issue,,,,,,,,,,,,,,,
,,,,,,,,,,,,,,,,,,,,,,,,,,,,,,,,,,,,,,,,,,
True Values,NONE,NONE,NONE,NONE,NONE,NONE,NONE,NONE,NONE,NONE,NONE,NONE,3,68.3,Prox Sensor Random,13,69.3,Prox Sensor Random,0,74.6,Left Wheel Zero,37,11.4,Left Wheel Zero,4,49.8,Left Wheel Zero,27,31.6,Prox Sensor Random,2,58.5,Left Wheel Zero,39,35.4,Left Wheel Zero,,,,,,
,,,,,,,,,,,,,,,,,,,,,,,,,3,66.4,Prox Sensor Random,43,63,Prox Sensor Random,10,61.7,Left Wheel Zero,51,63.3,Prox Sensor Random,,,,,,
,,,,,,,,,,,,,,,,,,,,,,,,,,,,,,,,,,,,,,,,,,
User 30,Seed 111,Exp 2,,Seed 121,Exp 11,,Seed 120,Exp 8,,Seed 124,Exp 12,,Seed 131,Exp 7,,Seed 149,Exp 3,,Seed 160,Exp 5,,Seed 170,Exp 1,,Seed 245,Exp 10,,Seed 237,Exp 6,,Seed 228,Exp 9,,Seed 216,Exp 4,,,,,,,
Guesses,NONE,NONE,NONE,NONE,NONE,NONE,6,196,stopped,NONE,NONE,NONE,0,86,Stopped,NONE,NONE,NONE,4,77,sensor problem,NONE,NONE,NONE,5,120,sensor problem,56,112,sensor problem,7,36,Stopped,36,138,wheel problem,,,,,,
,,,,,,,,,,,,,,,,,,,,,,,,,0,120,sensor problem,,,,7,60,Looks like wheel problem,,,,,,,,,
,,,,,,,,,,,,,,,,,,,,,,,,,2,150,sensor problem,26,148,wheel problem,4,90,(first noticed),53,171,wheel problem,,,,,,
,,,,,,,,,,,,,,,,,,,,,,,,,,,,,,,4,150,sensor problem. Noticed maybe 60s ago. Thought it was just stuck on wall. ,,,,,,,,,
,,,,,,,,,,,,,,,,,,,,,,,,,,,,,,,3,155,stopped,,,,,,,,,
,,,,,,,,,,,,,,,,,,,,,,,,,,,,,,,3-Revoke,164,nada,,,,,,,,,
,,,,,,,,,,,,,,,,,,,,,,,,,,,,,,,,,,,,,,,,,,
True Values,NONE,NONE,NONE,NONE,NONE,NONE,NONE,NONE,NONE,NONE,NONE,NONE,0,39,Left Wheel Zero,63,77.4,Left Wheel Zero,4,64.2,Prox Sensor Random,49,76.6,Prox Sensor Random,0,52,Prox Sensor Random,26,0,Left Wheel Zero,7,26.4,Left Wheel Zero,36,5.4,Left Wheel Zero,,,,,,
,,,,,,,,,,,,,,,,,,,,,,,,,5,74.8,Prox Sensor Random,56,37,Prox Sensor Random,4,10.3,Prox Sensor Random,53,0.3,Left Wheel Zero,,,,,,
,,,,,,,,,,,,,,,,,,,,,,,,,,,,,,,,,,,,,,,,,,
User 31,Seed 113,Exp 7,(User accidentally marked as Exp 11 instead of 7),Seed 123,Exp 12,,Seed 112,Exp 8,,Seed 126,Exp 5,,Seed 157 ,Exp 2,,Seed 161,Exp 6,,Seed 136,Exp 3,Check beacon,Seed 148,Exp 1,Check to make sure 46 isn't beacon,Seed 209,Exp 9,,Seed 213,Exp 11,,Seed 248,Exp 4,,Seed 260,Exp 10,,,,,,,
Guesses,11,60,went through food without becoming beacon?,3,30,prox sensor,5,90,beacon robot moved,NONE,NONE,NONE,6,39,,NONE,NONE,NONE,4,121,beacon robot moved,NONE,NONE,NONE,8,20,prox sensor,12,113,wheel problem (did he mean 11)  (From Cameron Schloer: 11?),1,121,beacon robot moved,33,174,beacon robot moved,,,,,,
,4,110,wheel problem,3-Revoke,30,nada (probably later),1,180,prox sensor,,,,4,127,,,,,,,,,,,4,110,fully stopped,1,180,beacon robot moved,,,,29,180,prox sensor,,,,,,
,4-Revoke,110,probably just close to wall (user probably noticed later and misunderstood the purpose of the timestamp),,,,,,,,,,6-Revoke,39,nada (seems like it was after 127 seconds since it's written after. I think they just put down the time of the guess they were revoking).,,,,,,,,,,6,178,fully stopped,63,195,fully stopped,,,,,,,,,,,,
,,,,,,,,,,,,,,,,,,,,,,,,,,,,,,,,,,,,,,,,,,
True Values,NONE,NONE,NONE,NONE,NONE,NONE,NONE,NONE,NONE,NONE,NONE,NONE,4,34.7,Prox Sensor Random,0,63.6,Prox Sensor Random,1,21.1,Left Wheel Zero,46,11.1,Left Wheel Zero,4,60,Left Wheel Zero,63,30.4,Left Wheel Zero,1,74.6,Prox Sensor Random,43,5.9,Prox Sensor Random,,,,,,
,,,,,,,,,,,,,,,,,,,,,,,,,6,58.6,Left Wheel Zero,11,57.1,Left Wheel Zero,8,46.7,Prox Sensor Random,16,37.1,Prox Sensor Random,,,,,,
,,,,,,,,,,,,,,,,,,,,,,,,,,,,,,,,,,,,,,,,,,
User 32,Seed 113,Exp 7,,Seed 123,Exp 12,,Seed 112,Exp 8,,Seed 126,Exp 5,,Seed 157 ,Exp 2,,Seed 161,Exp 6,,Seed 136,Exp 3,,Seed 148,Exp 1,Check to make sure 46 isn't beacon,Seed 209,Exp 9,,Seed 213,Exp 11,,Seed 248,Exp 4,,Seed 260,Exp 10,,,,,,,
Guesses,1,195,Broken Sensor,NONE,NONE,No apparent issues,NONE,NONE,No apparent issues,NONE,NONE,No apparent issues,4,72,Broken Sensor,0,132,Broken Sensor,1,95,Broken Wheel,NONE,NONE,NONE,6,112,Broken Wheel,63,104,Broken Wheel,1,101,Broken Sensor,28,167,nada,,,,,,
Same videos as user 31,,,,,,,,,,,,,,,,,,,4,138,Beacon Moved,,,,4,125,Broken Wheel,,,,8,175,Broken Sensor,16,nada,nada,,,,,,
,,,,,,,,,,,,,,,,,,,,,,,,,,,,,,,,,,,,,,,,,,
,,,,,,,,,,,,,,,,,,,,,,,,,,,,,,,,,,,,,,,,,,
True Values,NONE,NONE,NONE,NONE,NONE,NONE,NONE,NONE,NONE,NONE,NONE,NONE,4,34.7,Prox Sensor Random,0,63.6,Prox Sensor Random,1,21.1,Left Wheel Zero,46,11.1,Left Wheel Zero,4,60,Left Wheel Zero,63,30.4,Left Wheel Zero,1,74.6,Prox Sensor Random,43,5.9,Prox Sensor Random,,,,,,
,,,,,,,,,,,,,,,,,,,,,,,,,6,58.6,Left Wheel Zero,11,57.1,Left Wheel Zero,8,46.7,Prox Sensor Random,16,37.1,Prox Sensor Random,,,,,,
,,,,,,,,,,,,,,,,,,,,,,,,,,,,,,,,,,,,,,,,,,
User 33,Seed 117,Exp 4,,Seed 127,Exp 7,,Seed 116,Exp 12,,Seed 130,Exp 3,,Seed 159,Exp 6,,Seed 163,Exp 9,,Seed 138,Exp 8,,Seed 150,Exp 5,,Seed 247,Exp 10,,Seed 239,Exp 11,,Seed 230,Exp 2,,Seed 218,Exp 1,,,,,,,
Guesses,NONE,NONE,NONE,NONE,NONE,NONE,6,34,Touched food first still passed through it,NONE,NONE,NONE,11,179,Robot stopped for about 5 secs and then started moving,NONE,NONE,NONE,7,125,Robot stopped for a few secs and then started moving,NONE,NONE,NONE,9,182,Stuck in corner -> Minimal movement,11,170,Proximity sensor issue,0,60,1st robot to find food but went past it.,NONE,NONE,NONE,,,,,,
,,,,,,,3,173,Stopped for a few secs and then started moving,,,,,,,,,,,,,,,,,,,,,,5,120,Wheel problem,,,,,,,,,
,,,,,,,,,,,,,,,,,,,,,,,,,,,,,,,,,,,,,,,,,,
True Values,NONE,NONE,NONE,NONE,NONE,NONE,NONE,NONE,NONE,NONE,NONE,NONE,6,11.4,Prox Sensor Random,31,40.2,Prox Sensor Random,9,16.4,Left Wheel Zero,4,1,Left Wheel Zero,9,65.7,Prox Sensor Random,20,50.7,Left Wheel Zero,5,75.9,Left Wheel Zero,17,5.7,Left Wheel Zero,,,,,,
,,,,,,,,,,,,,,,,,,,,,,,,,0,62.4,Prox Sensor Random,11,55.9,Prox Sensor Random,13,3.9,Prox Sensor Random,43,21.7,Left Wheel Zero,,,,,,
,,,,,,,,,,,,,,,,,,,,,,,,,,,,,,,,,,,,,,,,,,
User 34,Seed 119,Exp 10,,Seed 129,Exp 4,,Seed 118,Exp 11,,Seed 122,Exp 3,,Seed 135,Exp 1,,Seed 143,Exp 6,,Seed 154,Exp 9,,Seed 164,Exp 7,,Seed 201,Exp 5,,Seed 215,Exp 12,,Seed 250,Exp 2,,Seed 252,Exp 8,,,,,,,
Guesses,NONE,NONE,NONE,NONE,NONE,NONE,NONE,NONE,NONE,NONE,NONE,NONE,12,40,Becon moved,7,102,Stuck near wall for a long time,6,149,Stuck near food for a long time,NONE,NONE,NONE,7,71,Robot stopped moving,28,60,"Moves very slowly, stuck in (Gray?) area",8,74,"robot moves very slowly, even thought no other robot surrounds it",48,150,Stopped moving,,,,,,
,,,,,,,,,,,,,12-Revoke,nada,nada,7-Revoke,nada,nada,,,,,,,4,118,Robot stopped moving,,,,8-Revoke,nada,nada,,,,,,,,,
,,,,,,,,,,,,,11,75,wheel fault,,,,,,,,,,,,,,,,,,,,,,,,,,,
,,,,,,,,,,,,,,,,,,,,,,,,,,,,,,,,,,,,,,,,,,
True Values,NONE,NONE,NONE,NONE,NONE,NONE,NONE,NONE,NONE,NONE,NONE,NONE,11,13.3,Left Wheel Zero,41,21.9,Left Wheel Zero,11,70.1,Prox Sensor Random,5,40.1,Prox Sensor Random,4,28.6,Left Wheel Zero,63,10.9,Left Wheel Zero,1,1.5,Prox Sensor Random,31,26.4,Prox Sensor Random,,,,,,
,,,,,,,,,,,,,,,,,,,,,,,,,7,57.4,Right Wheel Zero,16,70.7,Left Wheel Zero,5,26.4,Prox Sensor Random,48,65.5,Prox Sensor Random,,,,,,
,,,,,,,,,,,,,,,,,,,,,,,,,,,,,,,,,,,,,,,,,,
User 0,,,,Seed 127,Exp 5,,Seed 112,Exp 2,,,,,Seed 155,Exp 3,,Seed 143,Exp 1,,Seed 140,Exp 4,,Seed 168,Exp 6,,,,,,,,,,,,,,,,,,,
Guesses,,,,8,17,nada,3,123,nada,,,,4,45,nada,43,32,nada,20,72,nada,50,23,nada,,,,,,,,,,,,,,,,,,
,,,,3,30,nada,,,,,,,12,123,nada,7,59,nada,43,102,nada,41,29,nada,,,,,,,,,,,,,,,,,,
,,,,15,46,nada,,,,,,,,,,46,73,nada,6,130,nada,14,39,nada,,,,,,,,,,,,,,,,,,
,,,,8-Revoke,52,nada,,,,,,,,,,53,85,nada,35,148,nada,33,49,nada,,,,,,,,,,,,,,,,,,
,,,,1,72,nada,,,,,,,,,,14,112,nada,2,195,nada,15,76,nada,,,,,,,,,,,,,,,,,,
,,,,12,92,nada,,,,,,,,,,31,159,nada,,,,23,109,nada,,,,,,,,,,,,,,,,,,
,,,,3-Revoke,99,nada,,,,,,,,,,32,159,nada,,,,11,115,nada,,,,,,,,,,,,,,,,,,
,,,,,,,,,,,,,,,,50,174,nada,,,,56,134,nada,,,,,,,,,,,,,,,,,,
,,,,,,,,,,,,,,,,62,174,nada,,,,8,183,nada,,,,,,,,,,,,,,,,,,
,,,,,,,,,,,,,,,,17,183,nada,,,,,,,,,,,,,,,,,,,,,,,,
,,,,,,,,,,,,,,,,,,,,,,,,,,,,,,,,,,,,,,,,,,
True Values,NONE,NONE,NONE,NONE,NONE,NONE,NONE,NONE,NONE,NONE,NONE,NONE,3,68.3,Prox Sensor Random,41,21.9,Left Wheel Zero,12,2.5,Left Wheel Zero,44,26.3,Prox Sensor Random,,,,,,,,,,,,,,,,,,
,,,,,,,,,,,,,,,,,,,,,,,,,,,,,,,,,,,,,,,,,,
,,,,,,,,,,,,,,,,,,,,,,,,,,,,,,,,,,,,,,,,,,
Guesses 2,,,,Seed 121,Exp 11,,Seed 116,Exp 12,,,,,,,,Seed 161,Exp 7,,Seed 156,Exp 8,,,,,,,,,,,,,,,,,,,,,,
,,,,46,33,nada,10,37,,,,,,,,51,25,nada,6,8,nada,,,,,,,,,,,,,,,,,,,,,
,,,,19,74,nada,9,71,,,,,,,,0,69,nada,2,48,nada,,,,,,,,,,,,,,,,,,,,,
,,,,24,115,nada,,,,,,,,,,54,96,nada,7,117,nada,,,,,,,,,,,,,,,,,,,,,
,,,,4,116,nada,,,,,,,,,,23,112,nada,10,138,nada,,,,,,,,,,,,,,,,,,,,,
,,,,19,135,nada,,,,,,,,,,54-Revoke,140,nada,15,162,nada,,,,,,,,,,,,,,,,,,,,,
,,,,,,,,,,,,,,,,17,186,nada,,,,,,,,,,,,,,,,,,,,,,,,
,,,,,,,,,,,,,,,,,,,,,,,,,,,,,,,,,,,,,,,,,,
True Values 2,NONE,NONE,NONE,NONE,NONE,NONE,NONE,NONE,NONE,NONE,NONE,NONE,,,,0,63.6,Prox Sensor Random,10,41.8,Prox Sensor Random,,,,,,,,,,,,,,,,,,,,,
,,,,,,,,,,,,,,,,,,,,,,,,,,,,,,,,,,,,,,,,,,
,,,,,,,,,,,,,,,,,,,,,,,,,,,,,,,,,,,,,,,,,,
Guesses 3,,,,,,,,,,,,,,,,Seed 141,Exp 9,,Seed 136,Exp 10,,,,,,,,,,,,,,,,,,,,,,
,,,,,,,,,,,,,,,,22,59,nada,1,39,nada,,,,,,,,,,,,,,,,,,,,,
,,,,,,,,,,,,,,,,2,82,nada,8,121,nada,,,,,,,,,,,,,,,,,,,,,
,,,,,,,,,,,,,,,,42,102,nada,7,122,nada,,,,,,,,,,,,,,,,,,,,,
,,,,,,,,,,,,,,,,59,124,nada,,,,,,,,,,,,,,,,,,,,,,,,
,,,,,,,,,,,,,,,,29,152,nada,,,,,,,,,,,,,,,,,,,,,,,,
,,,,,,,,,,,,,,,,31,172,nada,,,,,,,,,,,,,,,,,,,,,,,,
,,,,,,,,,,,,,,,,,,,,,,,,,,,,,,,,,,,,,,,,,,
,,,,,,,,,,,,,,,,,,,,,,,,,,,,,,,,,,,,,,,,,,
True Values 3,NONE,NONE,NONE,NONE,NONE,NONE,NONE,NONE,NONE,NONE,NONE,NONE,,,,29,40.6,Left Wheel Zero,1,21.1,Left Wheel Zero,,,,,,,,,,,,,,,,,,,,,
