user_num,fault_type1,fault_type2,bal_acc,vid_type
1,NONE,NONE,0.875,1
1,NONE,NONE,0.953125,2
1,NONE,NONE,1.0,3
1,NONE,NONE,0.984375,4
1,WHEEL,NONE,0.9666666666666667,5
1,PROX,NONE,0.9761904761904762,6
1,WHEEL,NONE,0.4666666666666667,7
1,PROX,NONE,0.47619047619047616,8
1,PROX,PROX,0.4642857142857143,9
1,WHEEL,PROX,0.7338709677419355,10
1,WHEEL,WHEEL,0.4838709677419355,12
1,WHEEL,PROX,0.4838709677419355,12
2,NONE,NONE,0.75,1
2,NONE,NONE,0.953125,2
2,NONE,NONE,0.75,3
2,NONE,NONE,0.96875,4
2,WHEEL,NONE,0.9333333333333333,5
2,PROX,NONE,0.9761904761904762,6
2,WHEEL,NONE,0.9666666666666667,7
2,PROX,NONE,0.49206349206349204,8
2,PROX,PROX,0.6785714285714286,9
2,WHEEL,PROX,0.717741935483871,10
2,WHEEL,PROX,0.9919354838709677,12
2,WHEEL,WHEEL,1.0,12
3,NONE,NONE,1.0,1
3,NONE,NONE,0.953125,2
3,NONE,NONE,1.0,3
3,NONE,NONE,0.921875,4
3,PROX,NONE,0.5,6
3,WHEEL,NONE,0.5,7
3,PROX,NONE,0.47619047619047616,8
3,PROX,PROX,1.0,9
3,WHEEL,PROX,0.75,10
3,WHEEL,PROX,0.5,12
3,WHEEL,WHEEL,0.5,12
3,NONE,NONE,1.0,4
4,NONE,NONE,1.0,1
4,NONE,NONE,1.0,2
4,NONE,NONE,1.0,3
4,NONE,NONE,1.0,4
4,PROX,NONE,1.0,6
4,WHEEL,NONE,1.0,7
4,PROX,NONE,0.5,8
4,PROX,PROX,1.0,9
4,WHEEL,PROX,1.0,10
4,WHEEL,WHEEL,1.0,12
4,WHEEL,PROX,1.0,12
4,NONE,NONE,1.0,4
5,NONE,NONE,0.875,1
5,NONE,NONE,0.875,2
5,NONE,NONE,0.9375,3
5,NONE,NONE,0.859375,4
5,WHEEL,NONE,0.8333333333333333,5
5,PROX,NONE,0.47619047619047616,6
5,WHEEL,NONE,0.26666666666666666,7
5,PROX,NONE,0.9126984126984127,8
5,PROX,PROX,0.6071428571428572,9
5,WHEEL,PROX,0.4274193548387097,10
5,WHEEL,WHEEL,0.4838709677419355,12
6,NONE,NONE,1.0,1
6,NONE,NONE,1.0,2
6,NONE,NONE,1.0,3
6,NONE,NONE,1.0,4
6,WHEEL,NONE,0.4666666666666667,5
6,PROX,NONE,0.5,6
6,WHEEL,NONE,1.0,7
6,PROX,NONE,0.5,8
6,PROX,PROX,0.9642857142857143,9
6,WHEEL,PROX,0.5,10
6,WHEEL,PROX,0.75,12
6,WHEEL,WHEEL,0.5,12
7,NONE,NONE,1.0,1
7,NONE,NONE,1.0,2
7,NONE,NONE,1.0,3
7,NONE,NONE,1.0,4
7,PROX,NONE,1.0,6
7,WHEEL,NONE,1.0,7
7,PROX,NONE,0.5,8
7,PROX,PROX,0.7142857142857143,9
7,WHEEL,PROX,0.75,10
7,WHEEL,WHEEL,0.75,12
7,NONE,NONE,1.0,4
7,WHEEL,PROX,0.75,12
8,NONE,NONE,1.0,1
8,NONE,NONE,0.96875,2
8,NONE,NONE,1.0,3
8,NONE,NONE,1.0,4
8,WHEEL,NONE,0.5,5
8,PROX,NONE,0.5,6
8,PROX,NONE,0.4666666666666667,7
8,WHEEL,NONE,0.5,8
8,PROX,PROX,1.0,9
8,WHEEL,WHEEL,0.75,10
8,WHEEL,PROX,0.75,11
8,PROX,PROX,0.5,12
9,NONE,NONE,0.9375,1
9,NONE,NONE,1.0,2
9,NONE,NONE,1.0,3
9,NONE,NONE,1.0,4
9,PROX,NONE,1.0,5
9,WHEEL,NONE,1.0,6
9,PROX,NONE,1.0,7
9,WHEEL,NONE,1.0,8
9,WHEEL,PROX,1.0,9
9,PROX,PROX,1.0,10
9,WHEEL,WHEEL,1.0,11
9,PROX,PROX,0.75,12
10,NONE,NONE,0.9375,1
10,NONE,NONE,1.0,2
10,NONE,NONE,0.9375,3
10,NONE,NONE,1.0,4
10,PROX,NONE,0.4666666666666667,5
10,WHEEL,NONE,0.5,6
10,PROX,NONE,0.5,7
10,WHEEL,NONE,1.0,8
10,WHEEL,PROX,1.0,9
10,PROX,PROX,0.75,10
10,WHEEL,WHEEL,0.75,11
10,PROX,PROX,0.5,12
11,NONE,NONE,1.0,1
11,NONE,NONE,1.0,2
11,NONE,NONE,1.0,3
11,NONE,NONE,1.0,4
11,WHEEL,NONE,1.0,5
11,PROX,NONE,0.49206349206349204,6
11,WHEEL,NONE,0.5,7
11,PROX,NONE,1.0,8
11,WHEEL,WHEEL,1.0,9
11,WHEEL,WHEEL,0.7419354838709677,10
11,PROX,PROX,0.9642857142857143,11
11,PROX,PROX,0.5,12
12,NONE,NONE,0.75,1
12,NONE,NONE,0.890625,2
12,NONE,NONE,0.75,3
12,NONE,NONE,0.921875,4
12,PROX,NONE,0.23333333333333334,5
12,WHEEL,NONE,0.42857142857142855,6
12,PROX,NONE,0.8,7
12,WHEEL,NONE,0.42857142857142855,8
12,WHEEL,PROX,0.6785714285714286,9
12,PROX,PROX,0.7338709677419355,10
12,WHEEL,PROX,0.6428571428571428,11
12,WHEEL,PROX,0.46774193548387094,12
13,NONE,NONE,1.0,1
13,NONE,NONE,1.0,2
13,NONE,NONE,1.0,3
13,NONE,NONE,1.0,4
13,PROX,NONE,0.5,5
13,WHEEL,NONE,1.0,6
13,PROX,NONE,0.5,7
13,WHEEL,NONE,0.9920634920634921,8
13,WHEEL,WHEEL,1.0,9
13,PROX,PROX,0.5,10
13,WHEEL,PROX,0.75,11
13,WHEEL,WHEEL,1.0,12
13,WHEEL,NONE,1.0,6
14,NONE,NONE,0.9375,1
14,NONE,NONE,0.953125,2
14,NONE,NONE,1.0,3
14,NONE,NONE,0.96875,4
14,WHEEL,NONE,1.0,5
14,PROX,NONE,0.9920634920634921,6
14,WHEEL,NONE,1.0,7
14,PROX,NONE,0.9920634920634921,8
14,WHEEL,WHEEL,1.0,9
14,WHEEL,WHEEL,0.5,10
14,PROX,PROX,1.0,11
14,PROX,PROX,0.75,12
15,NONE,NONE,1.0,1
15,NONE,NONE,1.0,2
15,NONE,NONE,0.9375,3
15,NONE,NONE,1.0,4
15,PROX,NONE,1.0,5
15,WHEEL,NONE,0.5,6
15,PROX,NONE,1.0,7
15,WHEEL,NONE,1.0,8
15,WHEEL,WHEEL,1.0,9
15,WHEEL,WHEEL,1.0,10
15,PROX,PROX,1.0,11
15,PROX,PROX,0.75,12
16,NONE,NONE,1.0,1
16,NONE,NONE,1.0,2
16,NONE,NONE,1.0,3
16,NONE,NONE,0.96875,4
16,PROX,NONE,1.0,5
16,WHEEL,NONE,0.5,6
16,PROX,NONE,0.4666666666666667,7
16,WHEEL,NONE,1.0,8
16,WHEEL,WHEEL,0.5,9
16,PROX,PROX,0.75,10
16,PROX,PROX,1.0,11
16,PROX,PROX,0.5,12
17,NONE,NONE,1.0,1
17,NONE,NONE,1.0,2
17,NONE,NONE,0.5625,3
17,NONE,NONE,1.0,4
17,PROX,NONE,0.43333333333333335,5
17,WHEEL,NONE,1.0,6
17,PROX,NONE,1.0,7
17,WHEEL,NONE,1.0,8
17,WHEEL,PROX,1.0,9
17,WHEEL,WHEEL,1.0,10
17,WHEEL,WHEEL,1.0,11
17,PROX,PROX,1.0,12
18,NONE,NONE,1.0,1
18,NONE,NONE,1.0,2
18,NONE,NONE,1.0,3
18,NONE,NONE,1.0,4
18,WHEEL,NONE,1.0,5
18,WHEEL,NONE,0.5,6
18,PROX,NONE,1.0,7
18,PROX,NONE,0.5,8
18,WHEEL,PROX,1.0,9
18,PROX,PROX,1.0,10
18,WHEEL,WHEEL,1.0,11
18,WHEEL,PROX,0.75,12
19,NONE,NONE,1.0,1
19,NONE,NONE,1.0,2
19,NONE,NONE,1.0,3
19,NONE,NONE,1.0,4
19,WHEEL,NONE,1.0,5
19,WHEEL,NONE,1.0,6
19,WHEEL,NONE,1.0,7
19,PROX,NONE,1.0,8
19,WHEEL,WHEEL,1.0,9
19,WHEEL,WHEEL,0.75,10
19,WHEEL,PROX,1.0,11
19,WHEEL,WHEEL,0.75,12
20,NONE,NONE,1.0,1
20,NONE,NONE,1.0,2
20,NONE,NONE,1.0,3
20,NONE,NONE,1.0,4
20,PROX,NONE,1.0,5
20,WHEEL,NONE,0.5,6
20,PROX,NONE,1.0,7
20,WHEEL,NONE,1.0,8
20,WHEEL,PROX,1.0,9
20,PROX,PROX,0.75,10
20,WHEEL,PROX,1.0,11
20,PROX,PROX,1.0,11
21,NONE,NONE,0.9375,1
21,NONE,NONE,1.0,2
21,NONE,NONE,1.0,3
21,NONE,NONE,1.0,4
21,PROX,NONE,1.0,5
21,PROX,NONE,1.0,6
21,WHEEL,NONE,1.0,7
21,WHEEL,NONE,1.0,8
21,WHEEL,PROX,1.0,9
21,WHEEL,PROX,0.75,10
21,WHEEL,WHEEL,1.0,11
21,WHEEL,PROX,0.5,11
22,NONE,NONE,1.0,1
22,NONE,NONE,0.890625,2
22,NONE,NONE,1.0,3
22,NONE,NONE,0.921875,4
22,WHEEL,NONE,1.0,5
22,WHEEL,NONE,0.9920634920634921,6
22,PROX,NONE,0.9666666666666667,7
22,PROX,NONE,0.9841269841269842,8
22,WHEEL,WHEEL,1.0,9
22,WHEEL,WHEEL,0.7419354838709677,10
22,PROX,PROX,0.5,11
22,PROX,PROX,0.75,12
23,NONE,NONE,1.0,1
23,NONE,NONE,1.0,2
23,NONE,NONE,1.0,3
23,NONE,NONE,1.0,4
23,PROX,NONE,1.0,5
23,PROX,NONE,0.5,6
23,WHEEL,NONE,0.5,7
23,WHEEL,NONE,1.0,8
23,WHEEL,PROX,0.75,9
23,PROX,PROX,0.5,10
23,WHEEL,WHEEL,0.75,11
23,WHEEL,PROX,0.75,12
24,NONE,NONE,1.0,1
24,NONE,NONE,1.0,2
24,NONE,NONE,1.0,3
24,NONE,NONE,1.0,4
24,WHEEL,NONE,1.0,5
24,WHEEL,NONE,1.0,6
24,PROX,NONE,1.0,7
24,PROX,NONE,0.5,8
24,PROX,PROX,1.0,9
24,WHEEL,PROX,0.5,10
24,WHEEL,PROX,1.0,11
24,WHEEL,WHEEL,0.5,12
25,NONE,NONE,1.0,1
25,NONE,NONE,1.0,2
25,NONE,NONE,1.0,3
25,NONE,NONE,1.0,4
25,PROX,NONE,1.0,5
25,PROX,NONE,1.0,6
25,WHEEL,NONE,1.0,7
25,WHEEL,NONE,0.5,8
25,WHEEL,WHEEL,1.0,9
25,WHEEL,WHEEL,1.0,10
25,PROX,PROX,1.0,11
25,PROX,PROX,0.75,12
26,NONE,NONE,1.0,1
26,NONE,NONE,1.0,2
26,NONE,NONE,1.0,3
26,NONE,NONE,1.0,4
26,WHEEL,NONE,1.0,5
26,WHEEL,NONE,0.9920634920634921,6
26,PROX,NONE,1.0,7
26,PROX,NONE,1.0,8
26,WHEEL,PROX,1.0,9
26,PROX,PROX,1.0,10
26,WHEEL,WHEEL,1.0,11
26,WHEEL,PROX,0.5,12
27,NONE,NONE,1.0,1
27,NONE,NONE,0.984375,2
27,NONE,NONE,1.0,3
27,NONE,NONE,1.0,4
27,PROX,NONE,0.5,5
27,PROX,NONE,0.5,6
27,WHEEL,NONE,0.5,7
27,WHEEL,NONE,0.5,8
27,PROX,PROX,1.0,9
27,WHEEL,PROX,0.9838709677419355,10
27,WHEEL,PROX,1.0,11
27,WHEEL,WHEEL,0.75,12
28,NONE,NONE,0.875,1
28,NONE,NONE,0.859375,2
28,NONE,NONE,0.8125,3
28,NONE,NONE,0.921875,4
28,WHEEL,NONE,0.8666666666666667,5
28,WHEEL,NONE,0.9682539682539683,6
28,PROX,NONE,0.9,7
28,PROX,NONE,0.3333333333333333,8
28,WHEEL,WHEEL,0.35714285714285715,9
28,WHEEL,WHEEL,0.4435483870967742,10
28,PROX,PROX,0.8214285714285714,11
28,PROX,PROX,0.3548387096774194,12
29,NONE,NONE,1.0,1
29,NONE,NONE,1.0,2
29,NONE,NONE,1.0,3
29,NONE,NONE,1.0,4
29,PROX,NONE,1.0,5
29,PROX,NONE,1.0,6
29,WHEEL,NONE,1.0,7
29,WHEEL,NONE,0.5,8
29,WHEEL,PROX,1.0,9
29,PROX,PROX,0.49193548387096775,10
29,WHEEL,WHEEL,0.75,11
29,WHEEL,PROX,0.5,12
30,NONE,NONE,1.0,1
30,NONE,NONE,1.0,2
30,NONE,NONE,0.9375,3
30,NONE,NONE,1.0,4
30,WHEEL,NONE,1.0,5
30,WHEEL,NONE,0.5,6
30,PROX,NONE,1.0,7
30,PROX,NONE,0.5,8
30,PROX,PROX,0.9642857142857143,9
30,WHEEL,PROX,0.75,10
30,WHEEL,PROX,1.0,11
30,WHEEL,WHEEL,0.75,12
31,NONE,NONE,1.0,1
31,NONE,NONE,1.0,2
31,NONE,NONE,0.9375,3
31,NONE,NONE,1.0,4
31,PROX,NONE,1.0,5
31,PROX,NONE,0.5,6
31,WHEEL,NONE,0.5,7
31,WHEEL,NONE,0.5,8
31,WHEEL,WHEEL,0.9642857142857143,9
31,WHEEL,WHEEL,0.7419354838709677,10
31,PROX,PROX,0.5,11
31,PROX,PROX,0.49193548387096775,12
32,NONE,NONE,0.9375,1
32,NONE,NONE,1.0,2
32,NONE,NONE,1.0,3
32,NONE,NONE,1.0,4
32,PROX,NONE,1.0,5
32,PROX,NONE,1.0,6
32,WHEEL,NONE,1.0,7
32,WHEEL,NONE,0.5,8
32,WHEEL,WHEEL,1.0,9
32,WHEEL,WHEEL,0.75,10
32,PROX,PROX,1.0,11
32,PROX,PROX,0.7419354838709677,12
33,NONE,NONE,1.0,1
33,NONE,NONE,1.0,2
33,NONE,NONE,1.0,3
33,NONE,NONE,1.0,4
33,PROX,NONE,0.5,5
33,PROX,NONE,0.5,6
33,WHEEL,NONE,0.5,7
33,WHEEL,NONE,0.5,8
33,PROX,PROX,0.75,9
33,WHEEL,PROX,0.75,10
33,WHEEL,PROX,0.75,11
33,WHEEL,WHEEL,0.5,12
34,NONE,NONE,1.0,1
34,NONE,NONE,1.0,2
34,NONE,NONE,1.0,3
34,NONE,NONE,1.0,4
34,WHEEL,NONE,1.0,5
34,WHEEL,NONE,0.5,6
34,PROX,NONE,0.4666666666666667,7
34,PROX,NONE,0.5,8
34,WHEEL,WHEEL,1.0,9
34,WHEEL,WHEEL,0.49193548387096775,10
34,PROX,PROX,0.5,11
34,PROX,PROX,0.75,12
35,NONE,NONE,1.0,1
35,NONE,NONE,1.0,2
35,NONE,NONE,1.0,3
35,NONE,NONE,1.0,4
35,PROX,NONE,1.0,5
35,PROX,NONE,0.5,6
35,WHEEL,NONE,1.0,7
35,WHEEL,NONE,1.0,8
35,WHEEL,PROX,1.0,9
35,PROX,PROX,0.75,10
35,WHEEL,WHEEL,1.0,11
35,WHEEL,PROX,0.75,12
36,NONE,NONE,1.0,1
36,NONE,NONE,0.984375,2
36,NONE,NONE,1.0,3
36,NONE,NONE,0.984375,4
36,WHEEL,NONE,1.0,5
36,WHEEL,NONE,0.5,6
36,PROX,NONE,1.0,7
36,PROX,NONE,1.0,8
36,WHEEL,PROX,0.7142857142857143,9
36,PROX,PROX,0.5,10
36,WHEEL,WHEEL,1.0,11
36,WHEEL,PROX,0.5,12
37,NONE,NONE,1.0,1
37,NONE,NONE,1.0,2
37,NONE,NONE,0.9375,3
37,NONE,NONE,1.0,4
37,WHEEL,NONE,1.0,5
37,PROX,NONE,1.0,6
37,WHEEL,NONE,0.9666666666666667,7
37,PROX,NONE,0.5,8
37,PROX,PROX,0.5,9
37,WHEEL,PROX,1.0,10
37,WHEEL,WHEEL,1.0,11
37,WHEEL,PROX,1.0,12
38,NONE,NONE,1.0,1
38,NONE,NONE,1.0,2
38,NONE,NONE,1.0,3
38,NONE,NONE,1.0,4
38,WHEEL,NONE,1.0,5
38,PROX,NONE,1.0,6
38,WHEEL,NONE,1.0,7
38,PROX,NONE,0.5,8
38,PROX,PROX,0.75,9
38,WHEEL,PROX,0.5,10
38,WHEEL,WHEEL,1.0,11
38,WHEEL,PROX,0.75,12
39,NONE,NONE,1.0,1
39,NONE,NONE,1.0,2
39,NONE,NONE,1.0,3
39,NONE,NONE,1.0,4
39,PROX,NONE,0.5,5
39,WHEEL,NONE,0.5,6
39,WHEEL,NONE,1.0,7
39,PROX,NONE,1.0,8
39,PROX,PROX,0.42857142857142855,9
39,WHEEL,PROX,1.0,10
39,WHEEL,WHEEL,1.0,11
39,WHEEL,PROX,0.5,12
40,NONE,NONE,1.0,1
40,NONE,NONE,1.0,2
40,NONE,NONE,1.0,3
40,NONE,NONE,0.984375,4
40,WHEEL,NONE,1.0,5
40,PROX,NONE,0.5,6
40,WHEEL,NONE,1.0,7
40,PROX,NONE,0.5,8
40,PROX,PROX,1.0,9
40,WHEEL,PROX,0.75,10
40,WHEEL,WHEEL,1.0,11
40,WHEEL,PROX,0.75,12
41,NONE,NONE,1.0,1
41,NONE,NONE,1.0,2
41,NONE,NONE,1.0,3
41,NONE,NONE,1.0,4
41,WHEEL,NONE,0.5,5
41,PROX,NONE,0.5,6
41,WHEEL,NONE,1.0,7
41,PROX,NONE,1.0,8
41,PROX,PROX,0.5,9
41,WHEEL,PROX,0.75,10
41,WHEEL,PROX,0.75,11
41,WHEEL,WHEEL,0.75,12
42,NONE,NONE,1.0,1
42,NONE,NONE,1.0,2
42,NONE,NONE,1.0,3
42,NONE,NONE,1.0,4
42,WHEEL,NONE,1.0,5
42,PROX,NONE,0.5,6
42,WHEEL,NONE,1.0,7
42,PROX,NONE,1.0,8
42,PROX,PROX,0.75,9
42,WHEEL,PROX,1.0,10
42,WHEEL,PROX,0.75,11
42,WHEEL,WHEEL,0.9919354838709677,12
43,NONE,NONE,1.0,1
43,NONE,NONE,1.0,2
43,NONE,NONE,0.9375,3
43,NONE,NONE,0.984375,4
43,PROX,NONE,1.0,5
43,WHEEL,NONE,1.0,6
43,WHEEL,NONE,0.5,7
43,PROX,NONE,0.49206349206349204,8
43,PROX,PROX,0.75,9
43,WHEEL,PROX,0.49193548387096775,10
43,WHEEL,PROX,0.685483870967742,12
43,WHEEL,WHEEL,0.4596774193548387,12
44,NONE,NONE,1.0,1
44,NONE,NONE,1.0,2
44,NONE,NONE,1.0,3
44,NONE,NONE,1.0,4
44,WHEEL,NONE,1.0,5
44,PROX,NONE,0.9920634920634921,6
44,PROX,NONE,0.5,7
44,WHEEL,NONE,0.5,8
44,PROX,PROX,1.0,9
44,WHEEL,WHEEL,0.9919354838709677,10
44,WHEEL,PROX,1.0,11
44,PROX,PROX,0.5,12
